station_id,station,entrance_poi_id,entrance_name,typecode,lng,lat,coordinate_system,parent_poi_id,distance_to_station_m,name_matches_station,verification_status,open_status,field_verified,request_ids,source_url,collected_at_utc,entrance_label,parent_matches_station,both_search_methods_returned,desk_evidence_level,access_class,evidence_url,evidence_date,eligible_for_verified_open_analysis,next_check,baseline_eligible,source_method
BV10274812,地铁大厦,BX09915434,地铁大厦地铁站出入口,150501,115.85234,28.684368,GCJ-02,BV10274812,32.78,True,map_candidate,unknown,False,6660d9d5bc1973f6f373;c732d0ad0a9bbe4f7555,https://ditu.amap.com/place/BX09915434,2026-10-04T12:17:52.692533+00:00,,True,True,operator_reply_historical,commercial_access_requires_check,https://wenz.jxnews.com.cn/ms/viewpage/202509/view_481718.html,2025-09-18,False,核实商业区开放时间、能否公众通行到站厅、是否与车站入口重复,False,legacy_pilot_desk_review
BV10274812,地铁大厦,BX09909226,地铁大厦地铁站出入口,150501,115.852549,28.68441,GCJ-02,BV10274812,40.4,True,map_candidate,unknown,False,6660d9d5bc1973f6f373;c732d0ad0a9bbe4f7555,https://ditu.amap.com/place/BX09909226,2026-10-04T12:17:52.692533+00:00,,True,True,operator_reply_historical,commercial_access_requires_check,https://wenz.jxnews.com.cn/ms/viewpage/202509/view_481718.html,2025-09-18,False,核实商业区开放时间、能否公众通行到站厅、是否与车站入口重复,False,legacy_pilot_desk_review
BV10274812,地铁大厦,BX09915435,地铁大厦地铁站出入口,150501,115.852071,28.683794,GCJ-02,BV10274812,43.9,True,map_candidate,unknown,False,6660d9d5bc1973f6f373;c732d0ad0a9bbe4f7555,https://ditu.amap.com/place/BX09915435,2026-10-04T12:17:52.692533+00:00,,True,True,operator_reply_historical,commercial_access_requires_check,https://wenz.jxnews.com.cn/ms/viewpage/202509/view_481718.html,2025-09-18,False,核实商业区开放时间、能否公众通行到站厅、是否与车站入口重复,False,legacy_pilot_desk_review
BV10274812,地铁大厦,BX09909224,地铁大厦地铁站5号口,150501,115.852291,28.683534,GCJ-02,BV10274812,60.98,True,map_candidate,unknown,False,6660d9d5bc1973f6f373;c732d0ad0a9bbe4f7555,https://ditu.amap.com/place/BX09909224,2026-10-04T12:17:52.692533+00:00,5,True,True,operator_reply_historical,station_entrance_operator_identified,https://wenz.jxnews.com.cn/ms/viewpage/202509/view_481718.html,2025-09-18,False,确认当前开放、入口位置与道路连接；运营方历史回复支持入口类别,True,legacy_pilot_desk_review
BV10274812,地铁大厦,BX09915433,地铁大厦地铁站3号口,150501,115.851405,28.684644,GCJ-02,BV10274812,114.66,True,map_candidate,unknown,False,6660d9d5bc1973f6f373;c732d0ad0a9bbe4f7555,https://ditu.amap.com/place/BX09915433,2026-10-04T12:17:52.692533+00:00,3,True,True,operator_reply_historical,commercial_access_requires_check,https://wenz.jxnews.com.cn/ms/viewpage/202509/view_481718.html,2025-09-18,False,核实商业区开放时间、能否公众通行到站厅、是否与车站入口重复,False,legacy_pilot_desk_review
BV10274812,地铁大厦,BX09909225,地铁大厦地铁站2号口,150501,115.853538,28.68389,GCJ-02,BV10274812,114.26,True,map_candidate,unknown,False,6660d9d5bc1973f6f373;c732d0ad0a9bbe4f7555,https://ditu.amap.com/place/BX09909225,2026-10-04T12:17:52.692533+00:00,2,True,True,operator_reply_historical,station_entrance_operator_identified,https://wenz.jxnews.com.cn/ms/viewpage/202509/view_481718.html,2025-09-18,False,确认当前开放、入口位置与道路连接；运营方历史回复支持入口类别,True,legacy_pilot_desk_review
BV10274812,地铁大厦,BX09909223,地铁大厦地铁站4号口,150501,115.85124,28.684308,GCJ-02,BV10274812,114.73,True,map_candidate,unknown,False,6660d9d5bc1973f6f373;c732d0ad0a9bbe4f7555,https://ditu.amap.com/place/BX09909223,2026-10-04T12:17:52.692533+00:00,4,True,True,operator_reply_historical,station_entrance_operator_identified,https://wenz.jxnews.com.cn/ms/viewpage/202509/view_481718.html,2025-09-18,False,确认当前开放、入口位置与道路连接；运营方历史回复支持入口类别,True,legacy_pilot_desk_review
BV10274812,地铁大厦,BX09909220,地铁大厦地铁站1号口,150501,115.852955,28.683123,GCJ-02,BV10274812,119.63,True,map_candidate,unknown,False,6660d9d5bc1973f6f373;c732d0ad0a9bbe4f7555,https://ditu.amap.com/place/BX09909220,2026-10-04T12:17:52.692533+00:00,1,True,True,operator_reply_historical,station_entrance_operator_identified,https://wenz.jxnews.com.cn/ms/viewpage/202509/view_481718.html,2025-09-18,False,确认当前开放、入口位置与道路连接；运营方历史回复支持入口类别,True,legacy_pilot_desk_review
BV10274812,地铁大厦,BX09914835,地铁大厦地铁站地铁·更新天地南口,150501,115.853763,28.685002,GCJ-02,BV10274812,169.25,True,map_candidate,unknown,False,6660d9d5bc1973f6f373;c732d0ad0a9bbe4f7555,https://ditu.amap.com/place/BX09914835,2026-10-04T12:17:52.692533+00:00,,True,True,operator_reply_historical,commercial_access_requires_check,https://wenz.jxnews.com.cn/ms/viewpage/202509/view_481718.html,2025-09-18,False,核实商业区开放时间、能否公众通行到站厅、是否与车站入口重复,False,legacy_pilot_desk_review
BV10274812,地铁大厦,BX09917715,地铁大厦地铁站地铁·更新天地北口,150501,115.85423,28.686195,GCJ-02,BV10274812,296.44,True,map_candidate,unknown,False,6660d9d5bc1973f6f373;c732d0ad0a9bbe4f7555,https://ditu.amap.com/place/BX09917715,2026-10-04T12:17:52.692533+00:00,,True,True,operator_reply_historical,commercial_access_requires_check,https://wenz.jxnews.com.cn/ms/viewpage/202509/view_481718.html,2025-09-18,False,核实商业区开放时间、能否公众通行到站厅、是否与车站入口重复,False,legacy_pilot_desk_review
BV10272818,八一广场,BX09902353,八一广场地铁站出入口,150501,115.90268,28.675067,GCJ-02,BV10272818,8.25,True,map_candidate,unknown,False,7a1e8fb2af86e5643b4d;c4d9358159422d1931ec,https://ditu.amap.com/place/BX09902353,2026-10-04T12:17:56.918130+00:00,,True,True,map_record_only,unresolved,,,False,缺少编号，确认是否实体地面口、站内/商业口或重复地图点；不直接纳入计算,False,legacy_pilot_desk_review
BV10272818,八一广场,BX10034708,八一广场地铁站14号口,150501,115.902841,28.675302,GCJ-02,BV10272818,24.89,True,map_candidate,unknown,False,7a1e8fb2af86e5643b4d;c4d9358159422d1931ec,https://ditu.amap.com/place/BX10034708,2026-10-04T12:17:56.918130+00:00,14,True,True,operator_notice_search_title_only,historical_station_entrance_notice,https://www.ncmtr.com/topic_detail_18/4507027.html,2021-12 (search metadata),False,历史官方公告可检索，正文访问受限；核对当前编号、位置及开放状态,True,legacy_pilot_desk_review
BV10272818,八一广场,BX10020281,八一广场地铁站5号口,150501,115.902124,28.675331,GCJ-02,BV10272818,56.89,True,map_candidate,unknown,False,7a1e8fb2af86e5643b4d;c4d9358159422d1931ec,https://ditu.amap.com/place/BX10020281,2026-10-04T12:17:56.918130+00:00,5,True,True,map_record_only,unresolved,,,False,核对标牌、地面入口位置、通往站厅及当前开放时间,True,legacy_pilot_desk_review
BV10272818,八一广场,BX10020280,八一广场地铁站4号口,150501,115.903688,28.675208,GCJ-02,BV10272818,100.09,True,map_candidate,unknown,False,7a1e8fb2af86e5643b4d;c4d9358159422d1931ec,https://ditu.amap.com/place/BX10020280,2026-10-04T12:17:56.918130+00:00,4,True,True,map_record_only,unresolved,,,False,核对标牌、地面入口位置、通往站厅及当前开放时间,True,legacy_pilot_desk_review
BV10272818,八一广场,BX10020282,八一广场地铁站3号口,150501,115.903633,28.673965,GCJ-02,BV10272818,161.21,True,map_candidate,unknown,False,7a1e8fb2af86e5643b4d;c4d9358159422d1931ec,https://ditu.amap.com/place/BX10020282,2026-10-04T12:17:56.918130+00:00,3,True,True,map_record_only,unresolved,,,False,核对标牌、地面入口位置、通往站厅及当前开放时间,True,legacy_pilot_desk_review
BV10272818,八一广场,BX09902352,八一广场地铁站7号口,150501,115.903679,28.676439,GCJ-02,BV10272818,175.07,True,map_candidate,unknown,False,7a1e8fb2af86e5643b4d;c4d9358159422d1931ec,https://ditu.amap.com/place/BX09902352,2026-10-04T12:17:56.918130+00:00,7,True,True,map_record_only,unresolved,,,False,核对标牌、地面入口位置、通往站厅及当前开放时间,True,legacy_pilot_desk_review
BV10272818,八一广场,BX09902354,八一广场地铁站1号口,150501,115.903161,28.673567,GCJ-02,BV10272818,181.48,True,map_candidate,unknown,False,7a1e8fb2af86e5643b4d;c4d9358159422d1931ec,https://ditu.amap.com/place/BX09902354,2026-10-04T12:17:56.918130+00:00,1,True,True,map_record_only,unresolved,,,False,核对标牌、地面入口位置、通往站厅及当前开放时间,True,legacy_pilot_desk_review
BV10272818,八一广场,BX10027098,八一广场地铁站2号口,150501,115.903665,28.673707,GCJ-02,BV10272818,186.84,True,map_candidate,unknown,False,7a1e8fb2af86e5643b4d;c4d9358159422d1931ec,https://ditu.amap.com/place/BX10027098,2026-10-04T12:17:56.918130+00:00,2,True,True,map_record_only,unresolved,,,False,核对标牌、地面入口位置、通往站厅及当前开放时间,True,legacy_pilot_desk_review
BV10272818,八一广场,BX10034706,八一广场地铁站8号口,150501,115.90355,28.67693,GCJ-02,BV10272818,216.96,True,map_candidate,unknown,False,7a1e8fb2af86e5643b4d;c4d9358159422d1931ec,https://ditu.amap.com/place/BX10034706,2026-10-04T12:17:56.918130+00:00,8,True,True,operator_notice_search_title_only,historical_station_entrance_notice,https://www.ncmtr.com/topic_detail_18/4507027.html,2021-12 (search metadata),False,历史官方公告可检索，正文访问受限；核对当前编号、位置及开放状态,True,legacy_pilot_desk_review
BV10272818,八一广场,BX10034707,八一广场地铁站9号口,150501,115.903568,28.67734,GCJ-02,BV10272818,260.01,True,map_candidate,unknown,False,7a1e8fb2af86e5643b4d;c4d9358159422d1931ec,https://ditu.amap.com/place/BX10034707,2026-10-04T12:17:56.918130+00:00,9,True,True,operator_notice_search_title_only,historical_station_entrance_notice,https://www.ncmtr.com/topic_detail_18/4507027.html,2021-12 (search metadata),False,历史官方公告可检索，正文访问受限；核对当前编号、位置及开放状态,True,legacy_pilot_desk_review
BV10563762,瑶湖西,BX10020307,瑶湖西地铁站3号口,150501,116.037544,28.672549,GCJ-02,BV10563762,92.94,True,map_candidate,unknown,False,8ba88d19020ff5be64d4;1b4023621444949515fc,https://ditu.amap.com/place/BX10020307,2026-10-04T12:18:01.188524+00:00,3,True,True,institution_travel_notice_historical,historical_public_access_evidence,https://tianyuan.xmu.edu.cn/cn/news/3818.html,2025-07-10,False,2025年机构出行指引提及3口；确认当前开放与步行连接,True,legacy_pilot_desk_review
BV10563762,瑶湖西,BX10020308,瑶湖西地铁站2-1号口,150501,116.039467,28.672237,GCJ-02,BV10563762,109.51,True,map_candidate,unknown,False,8ba88d19020ff5be64d4;1b4023621444949515fc,https://ditu.amap.com/place/BX10020308,2026-10-04T12:18:01.188524+00:00,2-1,True,True,map_record_only,unresolved,,,False,核对标牌、地面入口位置、通往站厅及当前开放时间,True,legacy_pilot_desk_review
BV10563762,瑶湖西,BX10020306,瑶湖西地铁站2-2号口,150501,116.03935,28.673014,GCJ-02,BV10563762,139.89,True,map_candidate,unknown,False,8ba88d19020ff5be64d4;1b4023621444949515fc,https://ditu.amap.com/place/BX10020306,2026-10-04T12:18:01.188524+00:00,2-2,True,True,map_record_only,unresolved,,,False,核对标牌、地面入口位置、通往站厅及当前开放时间,True,legacy_pilot_desk_review
BV10274813,秋水广场,BX10020241,秋水广场地铁站1号口,150501,115.860082,28.680779,GCJ-02,BV10274813,36.71,True,map_parent_numbered_candidate,excluded_from_scope,False,659cd9735a6c8dd06b82_20261004T154524353604Z;411aad33013776b2ce4f_20261004T154525955529Z,https://ditu.amap.com/place/BX10020241,2026-10-04T15:45:24.353580+00:00,1,True,True,official_map_parent_number,station_entrance_map_parent_numbered,https://ditu.amap.com/place/BX10020241,2026-10-04,False,门禁及临时封路不纳入本轮；导航几何一致性另检,True,official_place_around_text_parent_matching
BV10274813,秋水广场,BX10020239,秋水广场地铁站2号口,150501,115.860493,28.681397,GCJ-02,BV10274813,60.84,True,map_parent_numbered_candidate,excluded_from_scope,False,659cd9735a6c8dd06b82_20261004T154524353604Z;411aad33013776b2ce4f_20261004T154525955529Z,https://ditu.amap.com/place/BX10020239,2026-10-04T15:45:24.353580+00:00,2,True,True,official_map_parent_number,station_entrance_map_parent_numbered,https://ditu.amap.com/place/BX10020239,2026-10-04,False,门禁及临时封路不纳入本轮；导航几何一致性另检,True,official_place_around_text_parent_matching
BV10274813,秋水广场,BX10020237,秋水广场地铁站5号口,150501,115.861065,28.681042,GCJ-02,BV10274813,106.69,True,map_parent_numbered_candidate,excluded_from_scope,False,659cd9735a6c8dd06b82_20261004T154524353604Z;411aad33013776b2ce4f_20261004T154525955529Z,https://ditu.amap.com/place/BX10020237,2026-10-04T15:45:24.353580+00:00,5,True,True,official_map_parent_number,station_entrance_map_parent_numbered,https://ditu.amap.com/place/BX10020237,2026-10-04,False,门禁及临时封路不纳入本轮；导航几何一致性另检,True,official_place_around_text_parent_matching
BV10274813,秋水广场,BX10020238,秋水广场地铁站3号口,150501,115.859004,28.681671,GCJ-02,BV10274813,114.18,True,map_parent_numbered_candidate,excluded_from_scope,False,659cd9735a6c8dd06b82_20261004T154524353604Z;411aad33013776b2ce4f_20261004T154525955529Z,https://ditu.amap.com/place/BX10020238,2026-10-04T15:45:24.353580+00:00,3,True,True,official_map_parent_number,station_entrance_map_parent_numbered,https://ditu.amap.com/place/BX10020238,2026-10-04,False,门禁及临时封路不纳入本轮；导航几何一致性另检,True,official_place_around_text_parent_matching
BV10274813,秋水广场,BX10020240,秋水广场地铁站4号口,150501,115.858511,28.681398,GCJ-02,BV10274813,146.55,True,map_parent_numbered_candidate,excluded_from_scope,False,659cd9735a6c8dd06b82_20261004T154524353604Z;411aad33013776b2ce4f_20261004T154525955529Z,https://ditu.amap.com/place/BX10020240,2026-10-04T15:45:24.353580+00:00,4,True,True,official_map_parent_number,station_entrance_map_parent_numbered,https://ditu.amap.com/place/BX10020240,2026-10-04,False,门禁及临时封路不纳入本轮；导航几何一致性另检,True,official_place_around_text_parent_matching
BV10602594,师大南路,BX10020300,师大南路地铁站2号口,150501,115.924716,28.674334,GCJ-02,BV10602594,60.15,True,map_parent_numbered_candidate,excluded_from_scope,False,944a4a42196806f2d969_20261004T154534153350Z;5a0af6af9fe10a8966f9_20261004T154535773288Z,https://ditu.amap.com/place/BX10020300,2026-10-04T15:45:34.153288+00:00,2,True,True,official_map_parent_number,station_entrance_map_parent_numbered,https://ditu.amap.com/place/BX10020300,2026-10-04,False,门禁及临时封路不纳入本轮；导航几何一致性另检,True,official_place_around_text_parent_matching
BV10602594,师大南路,BX10020298,师大南路地铁站4号口,150501,115.923379,28.673852,GCJ-02,BV10602594,82.9,True,map_parent_numbered_candidate,excluded_from_scope,False,944a4a42196806f2d969_20261004T154534153350Z;5a0af6af9fe10a8966f9_20261004T154535773288Z,https://ditu.amap.com/place/BX10020298,2026-10-04T15:45:34.153288+00:00,4,True,True,official_map_parent_number,station_entrance_map_parent_numbered,https://ditu.amap.com/place/BX10020298,2026-10-04,False,门禁及临时封路不纳入本轮；导航几何一致性另检,True,official_place_around_text_parent_matching
BV10602594,师大南路,BX10020299,师大南路地铁站3号口,150501,115.923139,28.674307,GCJ-02,BV10602594,108.15,True,map_parent_numbered_candidate,excluded_from_scope,False,944a4a42196806f2d969_20261004T154534153350Z;5a0af6af9fe10a8966f9_20261004T154535773288Z,https://ditu.amap.com/place/BX10020299,2026-10-04T15:45:34.153288+00:00,3,True,True,official_map_parent_number,station_entrance_map_parent_numbered,https://ditu.amap.com/place/BX10020299,2026-10-04,False,门禁及临时封路不纳入本轮；导航几何一致性另检,True,official_place_around_text_parent_matching
BV10274829,学府大道东,BX10023335,学府大道东地铁站2号口,150501,115.839596,28.659215,GCJ-02,BV10274829,46.26,True,map_parent_numbered_candidate,excluded_from_scope,False,cbd0262c8d481d507d8d_20261004T154544143906Z;82f5b153f3d9547040fa_20261004T154545775707Z,https://ditu.amap.com/place/BX10023335,2026-10-04T15:45:44.143848+00:00,2,True,True,official_map_parent_number,station_entrance_map_parent_numbered,https://ditu.amap.com/place/BX10023335,2026-10-04,False,门禁及临时封路不纳入本轮；导航几何一致性另检,True,official_place_around_text_parent_matching
BV10274829,学府大道东,BX10023333,学府大道东地铁站4号口,150501,115.838415,28.658732,GCJ-02,BV10274829,89.52,True,map_parent_numbered_candidate,excluded_from_scope,False,cbd0262c8d481d507d8d_20261004T154544143906Z;82f5b153f3d9547040fa_20261004T154545775707Z,https://ditu.amap.com/place/BX10023333,2026-10-04T15:45:44.143848+00:00,4,True,True,official_map_parent_number,station_entrance_map_parent_numbered,https://ditu.amap.com/place/BX10023333,2026-10-04,False,门禁及临时封路不纳入本轮；导航几何一致性另检,True,official_place_around_text_parent_matching
BV10274829,学府大道东,BX10023332,学府大道东地铁站1号口,150501,115.839126,28.658393,GCJ-02,BV10274829,94.63,True,map_parent_numbered_candidate,excluded_from_scope,False,cbd0262c8d481d507d8d_20261004T154544143906Z;82f5b153f3d9547040fa_20261004T154545775707Z,https://ditu.amap.com/place/BX10023332,2026-10-04T15:45:44.143848+00:00,1,True,True,official_map_parent_number,station_entrance_map_parent_numbered,https://ditu.amap.com/place/BX10023332,2026-10-04,False,门禁及临时封路不纳入本轮；导航几何一致性另检,True,official_place_around_text_parent_matching
BV10274829,学府大道东,BX10023334,学府大道东地铁站3号口,150501,115.838959,28.660224,GCJ-02,BV10274829,110.14,True,map_parent_numbered_candidate,excluded_from_scope,False,cbd0262c8d481d507d8d_20261004T154544143906Z;82f5b153f3d9547040fa_20261004T154545775707Z,https://ditu.amap.com/place/BX10023334,2026-10-04T15:45:44.143848+00:00,3,True,True,official_map_parent_number,station_entrance_map_parent_numbered,https://ditu.amap.com/place/BX10023334,2026-10-04,False,门禁及临时封路不纳入本轮；导航几何一致性另检,True,official_place_around_text_parent_matching
BV10563757,奥体中心,BX10020274,奥体中心地铁站4号口,150501,116.023624,28.674285,GCJ-02,BV10563757,110.2,True,map_parent_numbered_candidate,excluded_from_scope,False,d422b7b85ad9a5df4cb7_20261004T170627262147Z;9763152fca6de2f744c3_20261004T170628856612Z,https://ditu.amap.com/place/BX10020274,2026-10-04T17:06:27.262068+00:00,4,True,True,official_map_parent_number,station_entrance_map_parent_numbered,https://ditu.amap.com/place/BX10020274,2026-10-04,False,门禁及临时封路不纳入本轮；导航几何一致性另检,True,official_place_around_text_parent_matching
BV10563757,奥体中心,BX10020273,奥体中心地铁站2号口,150501,116.025832,28.674757,GCJ-02,BV10563757,111.68,True,map_parent_numbered_candidate,excluded_from_scope,False,d422b7b85ad9a5df4cb7_20261004T170627262147Z;9763152fca6de2f744c3_20261004T170628856612Z,https://ditu.amap.com/place/BX10020273,2026-10-04T17:06:27.262068+00:00,2,True,True,official_map_parent_number,station_entrance_map_parent_numbered,https://ditu.amap.com/place/BX10020273,2026-10-04,False,门禁及临时封路不纳入本轮；导航几何一致性另检,True,official_place_around_text_parent_matching
BV10563757,奥体中心,BX10020275,奥体中心地铁站1号口,150501,116.025971,28.674019,GCJ-02,BV10563757,131.47,True,map_parent_numbered_candidate,excluded_from_scope,False,d422b7b85ad9a5df4cb7_20261004T170627262147Z;9763152fca6de2f744c3_20261004T170628856612Z,https://ditu.amap.com/place/BX10020275,2026-10-04T17:06:27.262068+00:00,1,True,True,official_map_parent_number,station_entrance_map_parent_numbered,https://ditu.amap.com/place/BX10020275,2026-10-04,False,门禁及临时封路不纳入本轮；导航几何一致性另检,True,official_place_around_text_parent_matching
BV10272881,谢家村,BX09909217,谢家村地铁站3号口,150501,115.940633,28.674799,GCJ-02,BV10272881,60.36,True,map_parent_numbered_candidate,excluded_from_scope,False,cf0995e2eab1817ea6de_20261004T170640630558Z;e0cf3556222165d3a04e_20261004T170642286450Z,https://ditu.amap.com/place/BX09909217,2026-10-04T17:06:40.630488+00:00,3,True,True,official_map_parent_number,station_entrance_map_parent_numbered,https://ditu.amap.com/place/BX09909217,2026-10-04,False,门禁及临时封路不纳入本轮；导航几何一致性另检,True,official_place_around_text_parent_matching
BV10272881,谢家村,BX09915391,谢家村地铁站3号出口,150501,115.940598,28.674924,GCJ-02,BV10272881,74.56,True,map_parent_numbered_candidate,excluded_from_scope,False,cf0995e2eab1817ea6de_20261004T170640630558Z;e0cf3556222165d3a04e_20261004T170642286450Z,https://ditu.amap.com/place/BX09915391,2026-10-04T17:06:40.630488+00:00,,True,True,official_map_parent_number,unclassified_access_requires_check,https://ditu.amap.com/place/BX09915391,2026-10-04,False,门禁及临时封路不纳入本轮；导航几何一致性另检,False,official_place_around_text_parent_matching
BV10272881,谢家村,BX09909218,谢家村地铁站2号口,150501,115.94149,28.674528,GCJ-02,BV10272881,83.04,True,map_parent_numbered_candidate,excluded_from_scope,False,cf0995e2eab1817ea6de_20261004T170640630558Z;e0cf3556222165d3a04e_20261004T170642286450Z,https://ditu.amap.com/place/BX09909218,2026-10-04T17:06:40.630488+00:00,2,True,True,official_map_parent_number,station_entrance_map_parent_numbered,https://ditu.amap.com/place/BX09909218,2026-10-04,False,门禁及临时封路不纳入本轮；导航几何一致性另检,True,official_place_around_text_parent_matching
BV10272881,谢家村,BX09909216,谢家村地铁站1号口,150501,115.940949,28.673512,GCJ-02,BV10272881,86.65,True,map_parent_numbered_candidate,excluded_from_scope,False,cf0995e2eab1817ea6de_20261004T170640630558Z;e0cf3556222165d3a04e_20261004T170642286450Z,https://ditu.amap.com/place/BX09909216,2026-10-04T17:06:40.630488+00:00,1,True,True,official_map_parent_number,station_entrance_map_parent_numbered,https://ditu.amap.com/place/BX09909216,2026-10-04,False,门禁及临时封路不纳入本轮；导航几何一致性另检,True,official_place_around_text_parent_matching
BV10272881,谢家村,BX09915392,谢家村地铁站出入口,150501,115.940018,28.673591,GCJ-02,BV10272881,99.46,True,map_parent_numbered_candidate,excluded_from_scope,False,cf0995e2eab1817ea6de_20261004T170640630558Z;e0cf3556222165d3a04e_20261004T170642286450Z,https://ditu.amap.com/place/BX09915392,2026-10-04T17:06:40.630488+00:00,,True,True,official_map_parent_number,unclassified_access_requires_check,https://ditu.amap.com/place/BX09915392,2026-10-04,False,门禁及临时封路不纳入本轮；导航几何一致性另检,False,official_place_around_text_parent_matching
BV10272881,谢家村,BX09909215,谢家村地铁站4号口,150501,115.940425,28.673399,GCJ-02,BV10272881,99.22,True,map_parent_numbered_candidate,excluded_from_scope,False,cf0995e2eab1817ea6de_20261004T170640630558Z;e0cf3556222165d3a04e_20261004T170642286450Z,https://ditu.amap.com/place/BX09909215,2026-10-04T17:06:40.630488+00:00,4,True,True,official_map_parent_number,station_entrance_map_parent_numbered,https://ditu.amap.com/place/BX09909215,2026-10-04,False,门禁及临时封路不纳入本轮；导航几何一致性另检,True,official_place_around_text_parent_matching
BV10274808,双港,BX10020314,双港地铁站4号口,150501,115.860694,28.742711,GCJ-02,BV10274808,63.4,True,map_parent_numbered_candidate,excluded_from_scope,False,b8ef6c23d6ed44c57932_20261004T170706344108Z;4e422d736c841a7304a5_20261004T170708012669Z,https://ditu.amap.com/place/BX10020314,2026-10-04T17:07:06.344030+00:00,4,True,True,official_map_parent_number,station_entrance_map_parent_numbered,https://ditu.amap.com/place/BX10020314,2026-10-04,False,门禁及临时封路不纳入本轮；导航几何一致性另检,True,official_place_around_text_parent_matching
BV10274808,双港,BX10020312,双港地铁站2号口,150501,115.861639,28.743593,GCJ-02,BV10274808,71.16,True,map_parent_numbered_candidate,excluded_from_scope,False,b8ef6c23d6ed44c57932_20261004T170706344108Z;4e422d736c841a7304a5_20261004T170708012669Z,https://ditu.amap.com/place/BX10020312,2026-10-04T17:07:06.344030+00:00,2,True,True,official_map_parent_number,station_entrance_map_parent_numbered,https://ditu.amap.com/place/BX10020312,2026-10-04,False,门禁及临时封路不纳入本轮；导航几何一致性另检,True,official_place_around_text_parent_matching
BV10274808,双港,BX09918284,双港地铁站1号口,150501,115.861475,28.742496,GCJ-02,BV10274808,77.29,True,map_parent_numbered_candidate,excluded_from_scope,False,b8ef6c23d6ed44c57932_20261004T170706344108Z;4e422d736c841a7304a5_20261004T170708012669Z,https://ditu.amap.com/place/BX09918284,2026-10-04T17:07:06.344030+00:00,1,True,True,official_map_parent_number,station_entrance_map_parent_numbered,https://ditu.amap.com/place/BX09918284,2026-10-04,False,门禁及临时封路不纳入本轮；导航几何一致性另检,True,official_place_around_text_parent_matching
BV10274808,双港,BX10020313,双港地铁站3号口,150501,115.860849,28.743852,GCJ-02,BV10274808,85.57,True,map_parent_numbered_candidate,excluded_from_scope,False,b8ef6c23d6ed44c57932_20261004T170706344108Z;4e422d736c841a7304a5_20261004T170708012669Z,https://ditu.amap.com/place/BX10020313,2026-10-04T17:07:06.344030+00:00,3,True,True,official_map_parent_number,station_entrance_map_parent_numbered,https://ditu.amap.com/place/BX10020313,2026-10-04,False,门禁及临时封路不纳入本轮；导航几何一致性另检,True,official_place_around_text_parent_matching
BV10563761,万寿宫,BX10020261,万寿宫地铁站2号口,150501,115.88602,28.67526,GCJ-02,BV10563761,23.52,True,map_parent_numbered_candidate,excluded_from_scope,False,e3f2e19bd6022be359e0_20261005T111838028546Z;c078accb5e1269fbde46_20261005T111839580870Z,https://ditu.amap.com/place/BX10020261,2026-10-05T11:18:38.028476+00:00,2,True,True,official_map_parent_number,station_entrance_map_parent_numbered,https://ditu.amap.com/place/BX10020261,2026-10-05,False,门禁及临时封路不纳入本轮；导航几何一致性另检,True,official_place_around_text_parent_matching
BV10563761,万寿宫,BX10020259,万寿宫地铁站1号口,150501,115.885707,28.674912,GCJ-02,BV10563761,25.87,True,map_parent_numbered_candidate,excluded_from_scope,False,e3f2e19bd6022be359e0_20261005T111838028546Z;c078accb5e1269fbde46_20261005T111839580870Z,https://ditu.amap.com/place/BX10020259,2026-10-05T11:18:38.028476+00:00,1,True,True,official_map_parent_number,station_entrance_map_parent_numbered,https://ditu.amap.com/place/BX10020259,2026-10-05,False,门禁及临时封路不纳入本轮；导航几何一致性另检,True,official_place_around_text_parent_matching
BV10563761,万寿宫,BX10020260,万寿宫地铁站3号口,150501,115.885506,28.675295,GCJ-02,BV10563761,43.51,True,map_parent_numbered_candidate,excluded_from_scope,False,e3f2e19bd6022be359e0_20261005T111838028546Z;c078accb5e1269fbde46_20261005T111839580870Z,https://ditu.amap.com/place/BX10020260,2026-10-05T11:18:38.028476+00:00,3,True,True,official_map_parent_number,station_entrance_map_parent_numbered,https://ditu.amap.com/place/BX10020260,2026-10-05,False,门禁及临时封路不纳入本轮；导航几何一致性另检,True,official_place_around_text_parent_matching
BV10274816,八一馆,BX09915378,八一馆地铁站出入口,150501,115.891426,28.675571,GCJ-02,BV10274816,13.61,True,map_parent_numbered_candidate,excluded_from_scope,False,30152fc45ac8dee7df32_20261005T111927370022Z;2afcc4bfe1eb5301270c_20261005T111928955680Z,https://ditu.amap.com/place/BX09915378,2026-10-05T11:19:27.369956+00:00,,True,True,official_map_parent_number,unclassified_access_requires_check,https://ditu.amap.com/place/BX09915378,2026-10-05,False,门禁及临时封路不纳入本轮；导航几何一致性另检,False,official_place_around_text_parent_matching
BV10274816,八一馆,BX10020249,八一馆地铁站6号口,150501,115.891356,28.675521,GCJ-02,BV10274816,22.38,True,map_parent_numbered_candidate,excluded_from_scope,False,30152fc45ac8dee7df32_20261005T111927370022Z;2afcc4bfe1eb5301270c_20261005T111928955680Z,https://ditu.amap.com/place/BX10020249,2026-10-05T11:19:27.369956+00:00,6,True,True,official_map_parent_number,station_entrance_map_parent_numbered,https://ditu.amap.com/place/BX10020249,2026-10-05,False,门禁及临时封路不纳入本轮；导航几何一致性另检,True,official_place_around_text_parent_matching
BV10274816,八一馆,BX09915389,八一馆地铁站出入口,150501,115.890986,28.675834,GCJ-02,BV10274816,55.89,True,map_parent_numbered_candidate,excluded_from_scope,False,30152fc45ac8dee7df32_20261005T111927370022Z;2afcc4bfe1eb5301270c_20261005T111928955680Z,https://ditu.amap.com/place/BX09915389,2026-10-05T11:19:27.369956+00:00,,True,True,official_map_parent_number,unclassified_access_requires_check,https://ditu.amap.com/place/BX09915389,2026-10-05,False,门禁及临时封路不纳入本轮；导航几何一致性另检,False,official_place_around_text_parent_matching
BV10274816,八一馆,BX09915390,八一馆地铁站出入口,150501,115.892095,28.675549,GCJ-02,BV10274816,57.13,True,map_parent_numbered_candidate,excluded_from_scope,False,30152fc45ac8dee7df32_20261005T111927370022Z;2afcc4bfe1eb5301270c_20261005T111928955680Z,https://ditu.amap.com/place/BX09915390,2026-10-05T11:19:27.369956+00:00,,True,True,official_map_parent_number,unclassified_access_requires_check,https://ditu.amap.com/place/BX09915390,2026-10-05,False,门禁及临时封路不纳入本轮；导航几何一致性另检,False,official_place_around_text_parent_matching
BV10274816,八一馆,BX09915377,八一馆地铁站出入口,150501,115.891909,28.675274,GCJ-02,BV10274816,57.02,True,map_parent_numbered_candidate,excluded_from_scope,False,30152fc45ac8dee7df32_20261005T111927370022Z;2afcc4bfe1eb5301270c_20261005T111928955680Z,https://ditu.amap.com/place/BX09915377,2026-10-05T11:19:27.369956+00:00,,True,True,official_map_parent_number,unclassified_access_requires_check,https://ditu.amap.com/place/BX09915377,2026-10-05,False,门禁及临时封路不纳入本轮；导航几何一致性另检,False,official_place_around_text_parent_matching
BV10274816,八一馆,BX09915376,八一馆地铁站出入口,150501,115.891249,28.676131,GCJ-02,BV10274816,58.9,True,map_parent_numbered_candidate,excluded_from_scope,False,30152fc45ac8dee7df32_20261005T111927370022Z;2afcc4bfe1eb5301270c_20261005T111928955680Z,https://ditu.amap.com/place/BX09915376,2026-10-05T11:19:27.369956+00:00,,True,True,official_map_parent_number,unclassified_access_requires_check,https://ditu.amap.com/place/BX09915376,2026-10-05,False,门禁及临时封路不纳入本轮；导航几何一致性另检,False,official_place_around_text_parent_matching
BV10274816,八一馆,BX10020251,八一馆地铁站5号口,150501,115.890895,28.675681,GCJ-02,BV10274816,61.31,True,map_parent_numbered_candidate,excluded_from_scope,False,30152fc45ac8dee7df32_20261005T111927370022Z;2afcc4bfe1eb5301270c_20261005T111928955680Z,https://ditu.amap.com/place/BX10020251,2026-10-05T11:19:27.369956+00:00,5,True,True,official_map_parent_number,station_entrance_map_parent_numbered,https://ditu.amap.com/place/BX10020251,2026-10-05,False,门禁及临时封路不纳入本轮；导航几何一致性另检,True,official_place_around_text_parent_matching
BV10274816,八一馆,BX09915375,八一馆地铁站出入口,150501,115.891709,28.676186,GCJ-02,BV10274816,61.34,True,map_parent_numbered_candidate,excluded_from_scope,False,30152fc45ac8dee7df32_20261005T111927370022Z;2afcc4bfe1eb5301270c_20261005T111928955680Z,https://ditu.amap.com/place/BX09915375,2026-10-05T11:19:27.369956+00:00,,True,True,official_map_parent_number,unclassified_access_requires_check,https://ditu.amap.com/place/BX09915375,2026-10-05,False,门禁及临时封路不纳入本轮；导航几何一致性另检,False,official_place_around_text_parent_matching
BV10274816,八一馆,BX10020250,八一馆地铁站1号口,150501,115.89214,28.675501,GCJ-02,BV10274816,62.7,True,map_parent_numbered_candidate,excluded_from_scope,False,30152fc45ac8dee7df32_20261005T111927370022Z;2afcc4bfe1eb5301270c_20261005T111928955680Z,https://ditu.amap.com/place/BX10020250,2026-10-05T11:19:27.369956+00:00,1,True,True,official_map_parent_number,station_entrance_map_parent_numbered,https://ditu.amap.com/place/BX10020250,2026-10-05,False,门禁及临时封路不纳入本轮；导航几何一致性另检,True,official_place_around_text_parent_matching
BV10274816,八一馆,BX09915388,八一馆地铁站出入口,150501,115.892173,28.67582,GCJ-02,BV10274816,65.89,True,map_parent_numbered_candidate,excluded_from_scope,False,30152fc45ac8dee7df32_20261005T111927370022Z;2afcc4bfe1eb5301270c_20261005T111928955680Z,https://ditu.amap.com/place/BX09915388,2026-10-05T11:19:27.369956+00:00,,True,True,official_map_parent_number,unclassified_access_requires_check,https://ditu.amap.com/place/BX09915388,2026-10-05,False,门禁及临时封路不纳入本轮；导航几何一致性另检,False,official_place_around_text_parent_matching
BV10274816,八一馆,BX10032002,八一馆地铁站8号口,150501,115.891747,28.675069,GCJ-02,BV10274816,69.15,True,map_parent_numbered_candidate,excluded_from_scope,False,30152fc45ac8dee7df32_20261005T111927370022Z;2afcc4bfe1eb5301270c_20261005T111928955680Z,https://ditu.amap.com/place/BX10032002,2026-10-05T11:19:27.369956+00:00,8,True,True,official_map_parent_number,station_entrance_map_parent_numbered,https://ditu.amap.com/place/BX10032002,2026-10-05,False,门禁及临时封路不纳入本轮；导航几何一致性另检,True,official_place_around_text_parent_matching
BV10274816,八一馆,BX10032000,八一馆地铁站3号口,150501,115.891576,28.676335,GCJ-02,BV10274816,75.35,True,map_parent_numbered_candidate,excluded_from_scope,False,30152fc45ac8dee7df32_20261005T111927370022Z;2afcc4bfe1eb5301270c_20261005T111928955680Z,https://ditu.amap.com/place/BX10032000,2026-10-05T11:19:27.369956+00:00,3,True,True,official_map_parent_number,station_entrance_map_parent_numbered,https://ditu.amap.com/place/BX10032000,2026-10-05,False,门禁及临时封路不纳入本轮；导航几何一致性另检,True,official_place_around_text_parent_matching
BV10274816,八一馆,BX10020252,八一馆地铁站2号口,150501,115.892225,28.675905,GCJ-02,BV10274816,73.75,True,map_parent_numbered_candidate,excluded_from_scope,False,30152fc45ac8dee7df32_20261005T111927370022Z;2afcc4bfe1eb5301270c_20261005T111928955680Z,https://ditu.amap.com/place/BX10020252,2026-10-05T11:19:27.369956+00:00,2,True,True,official_map_parent_number,station_entrance_map_parent_numbered,https://ditu.amap.com/place/BX10020252,2026-10-05,False,门禁及临时封路不纳入本轮；导航几何一致性另检,True,official_place_around_text_parent_matching
BV10274816,八一馆,BX10032001,八一馆地铁站4号口,150501,115.89126,28.676338,GCJ-02,BV10274816,79.74,True,map_parent_numbered_candidate,excluded_from_scope,False,30152fc45ac8dee7df32_20261005T111927370022Z;2afcc4bfe1eb5301270c_20261005T111928955680Z,https://ditu.amap.com/place/BX10032001,2026-10-05T11:19:27.369956+00:00,4,True,True,official_map_parent_number,station_entrance_map_parent_numbered,https://ditu.amap.com/place/BX10032001,2026-10-05,False,门禁及临时封路不纳入本轮；导航几何一致性另检,True,official_place_around_text_parent_matching
BV10274825,南昌西站,BX09915425,南昌西站地铁站西出口,150501,115.79326,28.623417,GCJ-02,BV10274825,10.08,True,map_parent_numbered_candidate,excluded_from_scope,False,24dee11918edce67212c_20261005T112107263381Z;22df2d230cad8b1c5a16_20261005T112108819507Z,https://ditu.amap.com/place/BX09915425,2026-10-05T11:21:07.263247+00:00,,True,True,official_map_parent_number,unclassified_access_requires_check,https://ditu.amap.com/place/BX09915425,2026-10-05,False,门禁及临时封路不纳入本轮；导航几何一致性另检,False,official_place_around_text_parent_matching
BV10274825,南昌西站,BX09915424,南昌西站地铁站北入口,150501,115.793361,28.623599,GCJ-02,BV10274825,18.68,True,map_parent_named_entry_candidate,excluded_from_scope,False,24dee11918edce67212c_20261005T112107263381Z;22df2d230cad8b1c5a16_20261005T112108819507Z,https://ditu.amap.com/place/BX09915424,2026-10-05T11:21:07.263247+00:00,北入口,True,True,official_map_parent_explicit_entry_name,station_entrance_map_parent_named_entry,https://ditu.amap.com/place/BX09915424,2026-10-05,False,门禁及临时封路不纳入本轮；导航几何一致性另检,True,official_place_around_text_parent_matching
BV10274825,南昌西站,BX10023513,南昌西站地铁站入口,150501,115.79344,28.623671,GCJ-02,BV10274825,27.75,True,map_parent_named_entry_candidate,excluded_from_scope,False,24dee11918edce67212c_20261005T112107263381Z;22df2d230cad8b1c5a16_20261005T112108819507Z,https://ditu.amap.com/place/BX10023513,2026-10-05T11:21:07.263247+00:00,入口,True,True,official_map_parent_explicit_entry_name,station_entrance_map_parent_named_entry,https://ditu.amap.com/place/BX10023513,2026-10-05,False,门禁及临时封路不纳入本轮；导航几何一致性另检,True,official_place_around_text_parent_matching
BV10274825,南昌西站,BX10023512,南昌西站地铁站出口,150501,115.793186,28.623219,GCJ-02,BV10274825,29.17,True,map_parent_numbered_candidate,excluded_from_scope,False,24dee11918edce67212c_20261005T112107263381Z;22df2d230cad8b1c5a16_20261005T112108819507Z,https://ditu.amap.com/place/BX10023512,2026-10-05T11:21:07.263247+00:00,,True,True,official_map_parent_number,unclassified_access_requires_check,https://ditu.amap.com/place/BX10023512,2026-10-05,False,门禁及临时封路不纳入本轮；导航几何一致性另检,False,official_place_around_text_parent_matching
BV10563760,滕王阁,BX10020303,滕王阁地铁站1号口,150501,115.877978,28.673049,GCJ-02,BV10563760,33.6,True,map_parent_numbered_candidate,excluded_from_scope,False,13b688f05beb078091b8_20261005T112112016728Z;a2cb736b547b15749a9c_20261005T112113579527Z,https://ditu.amap.com/place/BX10020303,2026-10-05T11:21:12.016580+00:00,1,True,True,official_map_parent_number,station_entrance_map_parent_numbered,https://ditu.amap.com/place/BX10020303,2026-10-05,False,门禁及临时封路不纳入本轮；导航几何一致性另检,True,official_place_around_text_parent_matching
BV10563760,滕王阁,BX10020804,滕王阁地铁站4号口,150501,115.877133,28.673213,GCJ-02,BV10563760,64.65,True,map_parent_numbered_candidate,excluded_from_scope,False,13b688f05beb078091b8_20261005T112112016728Z;a2cb736b547b15749a9c_20261005T112113579527Z,https://ditu.amap.com/place/BX10020804,2026-10-05T11:21:12.016580+00:00,4,True,True,official_map_parent_number,station_entrance_map_parent_numbered,https://ditu.amap.com/place/BX10020804,2026-10-05,False,门禁及临时封路不纳入本轮；导航几何一致性另检,True,official_place_around_text_parent_matching
BV10563760,滕王阁,BX10020302,滕王阁地铁站2号口,150501,115.878333,28.673601,GCJ-02,BV10563760,62.77,True,map_parent_numbered_candidate,excluded_from_scope,False,13b688f05beb078091b8_20261005T112112016728Z;a2cb736b547b15749a9c_20261005T112113579527Z,https://ditu.amap.com/place/BX10020302,2026-10-05T11:21:12.016580+00:00,2,True,True,official_map_parent_number,station_entrance_map_parent_numbered,https://ditu.amap.com/place/BX10020302,2026-10-05,False,门禁及临时封路不纳入本轮；导航几何一致性另检,True,official_place_around_text_parent_matching
BV10914107,南昌火车站,BX09902359,南昌火车站地铁站5号口,150501,115.921067,28.663109,GCJ-02,BV10914107,7.9,True,map_parent_numbered_candidate,excluded_from_scope,False,c24244b298e7d2e9cad3_20261005T112157251821Z;dc32ede2c579dae40196_20261005T112158957443Z,https://ditu.amap.com/place/BX09902359,2026-10-05T11:21:57.251668+00:00,5,True,True,official_map_parent_number,station_entrance_map_parent_numbered,https://ditu.amap.com/place/BX09902359,2026-10-05,False,门禁及临时封路不纳入本轮；导航几何一致性另检,True,official_place_around_text_parent_matching
BV10914107,南昌火车站,BX10027285,南昌火车站地铁站4号口,150501,115.920887,28.662954,GCJ-02,BV10914107,30.88,True,map_parent_numbered_candidate,excluded_from_scope,False,c24244b298e7d2e9cad3_20261005T112157251821Z;dc32ede2c579dae40196_20261005T112158957443Z,https://ditu.amap.com/place/BX10027285,2026-10-05T11:21:57.251668+00:00,4,True,True,official_map_parent_number,station_entrance_map_parent_numbered,https://ditu.amap.com/place/BX10027285,2026-10-05,False,门禁及临时封路不纳入本轮；导航几何一致性另检,True,official_place_around_text_parent_matching
BV10914107,南昌火车站,BX09902358,南昌火车站地铁站1号口,150501,115.921641,28.662964,GCJ-02,BV10914107,60.58,True,map_parent_numbered_candidate,excluded_from_scope,False,c24244b298e7d2e9cad3_20261005T112157251821Z;dc32ede2c579dae40196_20261005T112158957443Z,https://ditu.amap.com/place/BX09902358,2026-10-05T11:21:57.251668+00:00,1,True,True,official_map_parent_number,station_entrance_map_parent_numbered,https://ditu.amap.com/place/BX09902358,2026-10-05,False,门禁及临时封路不纳入本轮；导航几何一致性另检,True,official_place_around_text_parent_matching
BV10914107,南昌火车站,BX10027193,南昌火车站地铁站3号口,150501,115.920502,28.663447,GCJ-02,BV10914107,62.96,True,map_parent_numbered_candidate,excluded_from_scope,False,c24244b298e7d2e9cad3_20261005T112157251821Z;dc32ede2c579dae40196_20261005T112158957443Z,https://ditu.amap.com/place/BX10027193,2026-10-05T11:21:57.251668+00:00,3,True,True,official_map_parent_number,station_entrance_map_parent_numbered,https://ditu.amap.com/place/BX10027193,2026-10-05,False,门禁及临时封路不纳入本轮；导航几何一致性另检,True,official_place_around_text_parent_matching
BV10914107,南昌火车站,BX10032291,南昌火车站地铁站出入口,150501,115.921182,28.66257,GCJ-02,BV10914107,68.69,True,map_parent_numbered_candidate,excluded_from_scope,False,c24244b298e7d2e9cad3_20261005T112157251821Z;dc32ede2c579dae40196_20261005T112158957443Z,https://ditu.amap.com/place/BX10032291,2026-10-05T11:21:57.251668+00:00,,True,True,official_map_parent_number,unclassified_access_requires_check,https://ditu.amap.com/place/BX10032291,2026-10-05,False,门禁及临时封路不纳入本轮；导航几何一致性另检,False,official_place_around_text_parent_matching
BV10914107,南昌火车站,BX10027192,南昌火车站地铁站2号口,150501,115.921794,28.663409,GCJ-02,BV10914107,75.0,True,map_parent_numbered_candidate,excluded_from_scope,False,c24244b298e7d2e9cad3_20261005T112157251821Z;dc32ede2c579dae40196_20261005T112158957443Z,https://ditu.amap.com/place/BX10027192,2026-10-05T11:21:57.251668+00:00,2,True,True,official_map_parent_number,station_entrance_map_parent_numbered,https://ditu.amap.com/place/BX10027192,2026-10-05,False,门禁及临时封路不纳入本轮；导航几何一致性另检,True,official_place_around_text_parent_matching
BV10914107,南昌火车站,BX09905316,南昌火车站地铁站出入口,150501,115.921183,28.662165,GCJ-02,BV10914107,113.39,True,map_parent_numbered_candidate,excluded_from_scope,False,c24244b298e7d2e9cad3_20261005T112157251821Z;dc32ede2c579dae40196_20261005T112158957443Z,https://ditu.amap.com/place/BX09905316,2026-10-05T11:21:57.251668+00:00,,True,True,official_map_parent_number,unclassified_access_requires_check,https://ditu.amap.com/place/BX09905316,2026-10-05,False,门禁及临时封路不纳入本轮；导航几何一致性另检,False,official_place_around_text_parent_matching
BV10585803,卫东,BX09915431,卫东地铁站出入口,150501,115.848593,28.691274,GCJ-02,BV10585803,60.19,True,map_parent_numbered_candidate,excluded_from_scope,False,76fc9b0532e535811d3e_20261005T112324267725Z;f33533b615db1023c5b8_20261005T112325821113Z,https://ditu.amap.com/place/BX09915431,2026-10-05T11:23:24.267664+00:00,,True,True,official_map_parent_number,unclassified_access_requires_check,https://ditu.amap.com/place/BX09915431,2026-10-05,False,门禁及临时封路不纳入本轮；导航几何一致性另检,False,official_place_around_text_parent_matching
BV10585803,卫东,BX10020285,卫东地铁站2号口,150501,115.849535,28.691253,GCJ-02,BV10585803,69.48,True,map_parent_numbered_candidate,excluded_from_scope,False,76fc9b0532e535811d3e_20261005T112324267725Z;f33533b615db1023c5b8_20261005T112325821113Z,https://ditu.amap.com/place/BX10020285,2026-10-05T11:23:24.267664+00:00,2,True,True,official_map_parent_number,station_entrance_map_parent_numbered,https://ditu.amap.com/place/BX10020285,2026-10-05,False,门禁及临时封路不纳入本轮；导航几何一致性另检,True,official_place_around_text_parent_matching
BV10585803,卫东,BX10020284,卫东地铁站4号口,150501,115.848154,28.690776,GCJ-02,BV10585803,81.54,True,map_parent_numbered_candidate,excluded_from_scope,False,76fc9b0532e535811d3e_20261005T112324267725Z;f33533b615db1023c5b8_20261005T112325821113Z,https://ditu.amap.com/place/BX10020284,2026-10-05T11:23:24.267664+00:00,4,True,True,official_map_parent_number,station_entrance_map_parent_numbered,https://ditu.amap.com/place/BX10020284,2026-10-05,False,门禁及临时封路不纳入本轮；导航几何一致性另检,True,official_place_around_text_parent_matching
BV10585803,卫东,BX10020286,卫东地铁站3号口,150501,115.848366,28.691423,GCJ-02,BV10585803,87.3,True,map_parent_numbered_candidate,excluded_from_scope,False,76fc9b0532e535811d3e_20261005T112324267725Z;f33533b615db1023c5b8_20261005T112325821113Z,https://ditu.amap.com/place/BX10020286,2026-10-05T11:23:24.267664+00:00,3,True,True,official_map_parent_number,station_entrance_map_parent_numbered,https://ditu.amap.com/place/BX10020286,2026-10-05,False,门禁及临时封路不纳入本轮；导航几何一致性另检,True,official_place_around_text_parent_matching
BV10585803,卫东,BX09915432,卫东地铁站出入口,150501,115.848156,28.690521,GCJ-02,BV10585803,89.03,True,map_parent_numbered_candidate,excluded_from_scope,False,76fc9b0532e535811d3e_20261005T112324267725Z;f33533b615db1023c5b8_20261005T112325821113Z,https://ditu.amap.com/place/BX09915432,2026-10-05T11:23:24.267664+00:00,,True,True,official_map_parent_number,unclassified_access_requires_check,https://ditu.amap.com/place/BX09915432,2026-10-05,False,门禁及临时封路不纳入本轮；导航几何一致性另检,False,official_place_around_text_parent_matching
BV10585803,卫东,BX10020283,卫东地铁站1号口,150501,115.848787,28.690009,GCJ-02,BV10585803,96.14,True,map_parent_numbered_candidate,excluded_from_scope,False,76fc9b0532e535811d3e_20261005T112324267725Z;f33533b615db1023c5b8_20261005T112325821113Z,https://ditu.amap.com/place/BX10020283,2026-10-05T11:23:24.267664+00:00,1,True,True,official_map_parent_number,station_entrance_map_parent_numbered,https://ditu.amap.com/place/BX10020283,2026-10-05,False,门禁及临时封路不纳入本轮；导航几何一致性另检,True,official_place_around_text_parent_matching
BV10805447,新洪城大市场,BX10035150,新洪城大市场地铁站4号口,150501,115.850521,28.605405,GCJ-02,BV10805447,71.88,True,map_parent_numbered_candidate,excluded_from_scope,False,a3a31b8ade0507eadcd4_20261005T112419699882Z;0db520dbc3d625884e4c_20261005T112421249056Z,https://ditu.amap.com/place/BX10035150,2026-10-05T11:24:19.699776+00:00,4,True,True,official_map_parent_number,station_entrance_map_parent_numbered,https://ditu.amap.com/place/BX10035150,2026-10-05,False,门禁及临时封路不纳入本轮；导航几何一致性另检,True,official_place_around_text_parent_matching
BV10805447,新洪城大市场,BX10035149,新洪城大市场地铁站1号口,150501,115.851247,28.606496,GCJ-02,BV10805447,75.01,True,map_parent_numbered_candidate,excluded_from_scope,False,a3a31b8ade0507eadcd4_20261005T112419699882Z;0db520dbc3d625884e4c_20261005T112421249056Z,https://ditu.amap.com/place/BX10035149,2026-10-05T11:24:19.699776+00:00,1,True,True,official_map_parent_number,station_entrance_map_parent_numbered,https://ditu.amap.com/place/BX10035149,2026-10-05,False,门禁及临时封路不纳入本轮；导航几何一致性另检,True,official_place_around_text_parent_matching
BV10805447,新洪城大市场,BX09918253,新洪城大市场地铁站2号口,150501,115.850714,28.60674,GCJ-02,BV10805447,78.44,True,map_parent_numbered_candidate,excluded_from_scope,False,a3a31b8ade0507eadcd4_20261005T112419699882Z;0db520dbc3d625884e4c_20261005T112421249056Z,https://ditu.amap.com/place/BX09918253,2026-10-05T11:24:19.699776+00:00,2,True,True,official_map_parent_number,station_entrance_map_parent_numbered,https://ditu.amap.com/place/BX09918253,2026-10-05,False,门禁及临时封路不纳入本轮；导航几何一致性另检,True,official_place_around_text_parent_matching
BV10805447,新洪城大市场,BX10035661,新洪城大市场地铁站3号口,150501,115.849967,28.605599,GCJ-02,BV10805447,85.31,True,map_parent_numbered_candidate,excluded_from_scope,False,a3a31b8ade0507eadcd4_20261005T112419699882Z;0db520dbc3d625884e4c_20261005T112421249056Z,https://ditu.amap.com/place/BX10035661,2026-10-05T11:24:19.699776+00:00,3,True,True,official_map_parent_number,station_entrance_map_parent_numbered,https://ditu.amap.com/place/BX10035661,2026-10-05,False,门禁及临时封路不纳入本轮；导航几何一致性另检,True,official_place_around_text_parent_matching
BV10273207,翠苑路,BX10023323,翠苑路地铁站3号口,150501,115.846628,28.673149,GCJ-02,BV10273207,59.0,True,map_parent_numbered_candidate,excluded_from_scope,False,e96a6fe95727133021ea_20261005T112508695431Z;ced68b20f4058d63328b_20261005T112510231855Z,https://ditu.amap.com/place/BX10023323,2026-10-05T11:25:08.695374+00:00,3,True,True,official_map_parent_number,station_entrance_map_parent_numbered,https://ditu.amap.com/place/BX10023323,2026-10-05,False,门禁及临时封路不纳入本轮；导航几何一致性另检,True,official_place_around_text_parent_matching
BV10273207,翠苑路,BX10023320,翠苑路地铁站4号口,150501,115.845962,28.672374,GCJ-02,BV10273207,74.75,True,map_parent_numbered_candidate,excluded_from_scope,False,e96a6fe95727133021ea_20261005T112508695431Z;ced68b20f4058d63328b_20261005T112510231855Z,https://ditu.amap.com/place/BX10023320,2026-10-05T11:25:08.695374+00:00,4,True,True,official_map_parent_number,station_entrance_map_parent_numbered,https://ditu.amap.com/place/BX10023320,2026-10-05,False,门禁及临时封路不纳入本轮；导航几何一致性另检,True,official_place_around_text_parent_matching
BV10273207,翠苑路,BX10023322,翠苑路地铁站1号口,150501,115.847193,28.672056,GCJ-02,BV10273207,80.54,True,map_parent_numbered_candidate,excluded_from_scope,False,e96a6fe95727133021ea_20261005T112508695431Z;ced68b20f4058d63328b_20261005T112510231855Z,https://ditu.amap.com/place/BX10023322,2026-10-05T11:25:08.695374+00:00,1,True,True,official_map_parent_number,station_entrance_map_parent_numbered,https://ditu.amap.com/place/BX10023322,2026-10-05,False,门禁及临时封路不纳入本轮；导航几何一致性另检,True,official_place_around_text_parent_matching
BV10273207,翠苑路,BX10023321,翠苑路地铁站2号口,150501,115.847631,28.672459,GCJ-02,BV10273207,94.97,True,map_parent_numbered_candidate,excluded_from_scope,False,e96a6fe95727133021ea_20261005T112508695431Z;ced68b20f4058d63328b_20261005T112510231855Z,https://ditu.amap.com/place/BX10023321,2026-10-05T11:25:08.695374+00:00,2,True,True,official_map_parent_number,station_entrance_map_parent_numbered,https://ditu.amap.com/place/BX10023321,2026-10-05,False,门禁及临时封路不纳入本轮；导航几何一致性另检,True,official_place_around_text_parent_matching
BV10689053,银三角北,BX09909232,银三角北地铁站2号口,150501,115.934722,28.521438,GCJ-02,BV10689053,58.81,True,map_parent_numbered_candidate,excluded_from_scope,False,6f59ba6a227c36f7a963_20261005T112557813114Z;b97d11532784b601787f_20261005T112559378807Z,https://ditu.amap.com/place/BX09909232,2026-10-05T11:25:57.813046+00:00,2,True,True,official_map_parent_number,station_entrance_map_parent_numbered,https://ditu.amap.com/place/BX09909232,2026-10-05,False,门禁及临时封路不纳入本轮；导航几何一致性另检,True,official_place_around_text_parent_matching
BV10689053,银三角北,BX09909233,银三角北地铁站3号口,150501,115.934221,28.521139,GCJ-02,BV10689053,65.06,True,map_parent_numbered_candidate,excluded_from_scope,False,6f59ba6a227c36f7a963_20261005T112557813114Z;b97d11532784b601787f_20261005T112559378807Z,https://ditu.amap.com/place/BX09909233,2026-10-05T11:25:57.813046+00:00,3,True,True,official_map_parent_number,station_entrance_map_parent_numbered,https://ditu.amap.com/place/BX09909233,2026-10-05,False,门禁及临时封路不纳入本轮；导航几何一致性另检,True,official_place_around_text_parent_matching
BV10689053,银三角北,BX09909234,银三角北地铁站4号口,150501,115.935126,28.520252,GCJ-02,BV10689053,79.33,True,map_parent_numbered_candidate,excluded_from_scope,False,6f59ba6a227c36f7a963_20261005T112557813114Z;b97d11532784b601787f_20261005T112559378807Z,https://ditu.amap.com/place/BX09909234,2026-10-05T11:25:57.813046+00:00,4,True,True,official_map_parent_number,station_entrance_map_parent_numbered,https://ditu.amap.com/place/BX09909234,2026-10-05,False,门禁及临时封路不纳入本轮；导航几何一致性另检,True,official_place_around_text_parent_matching
BV10689053,银三角北,BX09909231,银三角北地铁站1号口,150501,115.935604,28.520455,GCJ-02,BV10689053,90.9,True,map_parent_numbered_candidate,excluded_from_scope,False,6f59ba6a227c36f7a963_20261005T112557813114Z;b97d11532784b601787f_20261005T112559378807Z,https://ditu.amap.com/place/BX09909231,2026-10-05T11:25:57.813046+00:00,1,True,True,official_map_parent_number,station_entrance_map_parent_numbered,https://ditu.amap.com/place/BX09909231,2026-10-05,False,门禁及临时封路不纳入本轮；导航几何一致性另检,True,official_place_around_text_parent_matching
BV10689053,银三角北,BX09915379,银三角北地铁站出入口,150501,115.936014,28.520973,GCJ-02,BV10689053,115.05,True,map_parent_numbered_candidate,excluded_from_scope,False,6f59ba6a227c36f7a963_20261005T112557813114Z;b97d11532784b601787f_20261005T112559378807Z,https://ditu.amap.com/place/BX09915379,2026-10-05T11:25:57.813046+00:00,,True,True,official_map_parent_number,unclassified_access_requires_check,https://ditu.amap.com/place/BX09915379,2026-10-05,False,门禁及临时封路不纳入本轮；导航几何一致性另检,False,official_place_around_text_parent_matching
BV10914112,阳明公园,BX10027091,阳明公园地铁站2号口,150501,115.891817,28.688221,GCJ-02,BV10914112,59.7,True,map_parent_numbered_candidate,excluded_from_scope,False,e5a62ee69a05c3368475_20261005T112650120462Z;21a96664936349f04084_20261005T112651696173Z,https://ditu.amap.com/place/BX10027091,2026-10-05T11:26:50.120385+00:00,2,True,True,official_map_parent_number,station_entrance_map_parent_numbered,https://ditu.amap.com/place/BX10027091,2026-10-05,False,门禁及临时封路不纳入本轮；导航几何一致性另检,True,official_place_around_text_parent_matching
BV10914112,阳明公园,BX10027090,阳明公园地铁站1号口,150501,115.891951,28.687759,GCJ-02,BV10914112,68.4,True,map_parent_numbered_candidate,excluded_from_scope,False,e5a62ee69a05c3368475_20261005T112650120462Z;21a96664936349f04084_20261005T112651696173Z,https://ditu.amap.com/place/BX10027090,2026-10-05T11:26:50.120385+00:00,1,True,True,official_map_parent_number,station_entrance_map_parent_numbered,https://ditu.amap.com/place/BX10027090,2026-10-05,False,门禁及临时封路不纳入本轮；导航几何一致性另检,True,official_place_around_text_parent_matching
BV10914112,阳明公园,BX10033997,阳明公园地铁站3号口,150501,115.890418,28.688269,GCJ-02,BV10914112,91.63,True,map_parent_numbered_candidate,excluded_from_scope,False,e5a62ee69a05c3368475_20261005T112650120462Z;21a96664936349f04084_20261005T112651696173Z,https://ditu.amap.com/place/BX10033997,2026-10-05T11:26:50.120385+00:00,3,True,True,official_map_parent_number,station_entrance_map_parent_numbered,https://ditu.amap.com/place/BX10033997,2026-10-05,False,门禁及临时封路不纳入本轮；导航几何一致性另检,True,official_place_around_text_parent_matching
BV10274817,丁公路北,BX10035656,丁公路北地铁站1号口,150501,115.913292,28.673581,GCJ-02,BV10274817,39.33,True,map_parent_numbered_candidate,excluded_from_scope,False,a65472247975c1979832_20261005T112740995431Z;b8ea83d9891e313fe33f_20261005T112742548287Z,https://ditu.amap.com/place/BX10035656,2026-10-05T11:27:40.995333+00:00,1,True,True,official_map_parent_number,station_entrance_map_parent_numbered,https://ditu.amap.com/place/BX10035656,2026-10-05,False,门禁及临时封路不纳入本轮；导航几何一致性另检,True,official_place_around_text_parent_matching
BV10274817,丁公路北,BX10020320,丁公路北地铁站2号口,150501,115.913928,28.674192,GCJ-02,BV10274817,64.89,True,map_parent_numbered_candidate,excluded_from_scope,False,a65472247975c1979832_20261005T112740995431Z;b8ea83d9891e313fe33f_20261005T112742548287Z,https://ditu.amap.com/place/BX10020320,2026-10-05T11:27:40.995333+00:00,2,True,True,official_map_parent_number,station_entrance_map_parent_numbered,https://ditu.amap.com/place/BX10020320,2026-10-05,False,门禁及临时封路不纳入本轮；导航几何一致性另检,True,official_place_around_text_parent_matching
BV10274817,丁公路北,BX10020321,丁公路北地铁站4号口,150501,115.912691,28.673684,GCJ-02,BV10274817,68.39,True,map_parent_numbered_candidate,excluded_from_scope,False,a65472247975c1979832_20261005T112740995431Z;b8ea83d9891e313fe33f_20261005T112742548287Z,https://ditu.amap.com/place/BX10020321,2026-10-05T11:27:40.995333+00:00,4,True,True,official_map_parent_number,station_entrance_map_parent_numbered,https://ditu.amap.com/place/BX10020321,2026-10-05,False,门禁及临时封路不纳入本轮；导航几何一致性另检,True,official_place_around_text_parent_matching
BV10274817,丁公路北,BX10035657,丁公路北地铁站6号口,150501,115.913127,28.672987,GCJ-02,BV10274817,107.07,True,map_parent_numbered_candidate,excluded_from_scope,False,a65472247975c1979832_20261005T112740995431Z;b8ea83d9891e313fe33f_20261005T112742548287Z,https://ditu.amap.com/place/BX10035657,2026-10-05T11:27:40.995333+00:00,6,True,True,official_map_parent_number,station_entrance_map_parent_numbered,https://ditu.amap.com/place/BX10035657,2026-10-05,False,门禁及临时封路不纳入本轮；导航几何一致性另检,True,official_place_around_text_parent_matching
BV10274817,丁公路北,BX10020319,丁公路北地铁站3号口,150501,115.912271,28.674176,GCJ-02,BV10274817,106.98,True,map_parent_numbered_candidate,excluded_from_scope,False,a65472247975c1979832_20261005T112740995431Z;b8ea83d9891e313fe33f_20261005T112742548287Z,https://ditu.amap.com/place/BX10020319,2026-10-05T11:27:40.995333+00:00,3,True,True,official_map_parent_number,station_entrance_map_parent_numbered,https://ditu.amap.com/place/BX10020319,2026-10-05,False,门禁及临时封路不纳入本轮；导航几何一致性另检,True,official_place_around_text_parent_matching
BV10274817,丁公路北,BX10035290,丁公路北地铁站7号口,150501,115.913127,28.672295,GCJ-02,BV10274817,183.23,True,map_parent_numbered_candidate,excluded_from_scope,False,a65472247975c1979832_20261005T112740995431Z;b8ea83d9891e313fe33f_20261005T112742548287Z,https://ditu.amap.com/place/BX10035290,2026-10-05T11:27:40.995333+00:00,7,True,True,official_map_parent_number,station_entrance_map_parent_numbered,https://ditu.amap.com/place/BX10035290,2026-10-05,False,门禁及临时封路不纳入本轮；导航几何一致性另检,True,official_place_around_text_parent_matching
BV10274823,太子殿,BX10020257,太子殿地铁站2号口,150501,116.011962,28.675159,GCJ-02,BV10274823,76.04,True,map_parent_numbered_candidate,excluded_from_scope,False,b967dd3b6b33dd51f6f0_20261005T112902511011Z;d22fde74a41d0d507a6f_20261005T112904073180Z,https://ditu.amap.com/place/BX10020257,2026-10-05T11:29:02.510945+00:00,2,True,True,official_map_parent_number,station_entrance_map_parent_numbered,https://ditu.amap.com/place/BX10020257,2026-10-05,False,门禁及临时封路不纳入本轮；导航几何一致性另检,True,official_place_around_text_parent_matching
BV10274823,太子殿,BX10020256,太子殿地铁站1号口,150501,116.011696,28.674428,GCJ-02,BV10274823,80.84,True,map_parent_numbered_candidate,excluded_from_scope,False,b967dd3b6b33dd51f6f0_20261005T112902511011Z;d22fde74a41d0d507a6f_20261005T112904073180Z,https://ditu.amap.com/place/BX10020256,2026-10-05T11:29:02.510945+00:00,1,True,True,official_map_parent_number,station_entrance_map_parent_numbered,https://ditu.amap.com/place/BX10020256,2026-10-05,False,门禁及临时封路不纳入本轮；导航几何一致性另检,True,official_place_around_text_parent_matching
BV10274823,太子殿,BX10020258,太子殿地铁站3号口,150501,116.010339,28.675356,GCJ-02,BV10274823,92.43,True,map_parent_numbered_candidate,excluded_from_scope,False,b967dd3b6b33dd51f6f0_20261005T112902511011Z;d22fde74a41d0d507a6f_20261005T112904073180Z,https://ditu.amap.com/place/BX10020258,2026-10-05T11:29:02.510945+00:00,3,True,True,official_map_parent_number,station_entrance_map_parent_numbered,https://ditu.amap.com/place/BX10020258,2026-10-05,False,门禁及临时封路不纳入本轮；导航几何一致性另检,True,official_place_around_text_parent_matching
BV10274823,太子殿,BX10020255,太子殿地铁站4号口,150501,116.010165,28.674651,GCJ-02,BV10274823,108.71,True,map_parent_numbered_candidate,excluded_from_scope,False,b967dd3b6b33dd51f6f0_20261005T112902511011Z;d22fde74a41d0d507a6f_20261005T112904073180Z,https://ditu.amap.com/place/BX10020255,2026-10-05T11:29:02.510945+00:00,4,True,True,official_map_parent_number,station_entrance_map_parent_numbered,https://ditu.amap.com/place/BX10020255,2026-10-05,False,门禁及临时封路不纳入本轮；导航几何一致性另检,True,official_place_around_text_parent_matching
BV10274822,艾溪湖东,BX10020278,艾溪湖东地铁站3号口,150501,115.992864,28.675045,GCJ-02,BV10274822,72.22,True,map_parent_numbered_candidate,excluded_from_scope,False,a0ce3d36260786b30d7e_20261005T113007424366Z;caf33542aebcd42f522a_20261005T113008987431Z,https://ditu.amap.com/place/BX10020278,2026-10-05T11:30:07.424229+00:00,3,True,True,official_map_parent_number,station_entrance_map_parent_numbered,https://ditu.amap.com/place/BX10020278,2026-10-05,False,门禁及临时封路不纳入本轮；导航几何一致性另检,True,official_place_around_text_parent_matching
BV10274822,艾溪湖东,BX10020279,艾溪湖东地铁站2号口,150501,115.994216,28.675036,GCJ-02,BV10274822,80.32,True,map_parent_numbered_candidate,excluded_from_scope,False,a0ce3d36260786b30d7e_20261005T113007424366Z;caf33542aebcd42f522a_20261005T113008987431Z,https://ditu.amap.com/place/BX10020279,2026-10-05T11:30:07.424229+00:00,2,True,True,official_map_parent_number,station_entrance_map_parent_numbered,https://ditu.amap.com/place/BX10020279,2026-10-05,False,门禁及临时封路不纳入本轮；导航几何一致性另检,True,official_place_around_text_parent_matching
BV10274822,艾溪湖东,BX10020277,艾溪湖东地铁站1号口,150501,115.99435,28.674297,GCJ-02,BV10274822,95.05,True,map_parent_numbered_candidate,excluded_from_scope,False,a0ce3d36260786b30d7e_20261005T113007424366Z;caf33542aebcd42f522a_20261005T113008987431Z,https://ditu.amap.com/place/BX10020277,2026-10-05T11:30:07.424229+00:00,1,True,True,official_map_parent_number,station_entrance_map_parent_numbered,https://ditu.amap.com/place/BX10020277,2026-10-05,False,门禁及临时封路不纳入本轮；导航几何一致性另检,True,official_place_around_text_parent_matching
BV10274822,艾溪湖东,BX10020276,艾溪湖东地铁站4号口,150501,115.992596,28.674284,GCJ-02,BV10274822,98.48,True,map_parent_numbered_candidate,excluded_from_scope,False,a0ce3d36260786b30d7e_20261005T113007424366Z;caf33542aebcd42f522a_20261005T113008987431Z,https://ditu.amap.com/place/BX10020276,2026-10-05T11:30:07.424229+00:00,4,True,True,official_map_parent_number,station_entrance_map_parent_numbered,https://ditu.amap.com/place/BX10020276,2026-10-05,False,门禁及临时封路不纳入本轮；导航几何一致性另检,True,official_place_around_text_parent_matching
BV10759017,西站南广场,BX10023339,西站南广场地铁站2号口,150501,115.791424,28.618404,GCJ-02,BV10759017,86.41,True,map_parent_numbered_candidate,excluded_from_scope,False,c5d6dfa5a96294743013_20261005T113116788844Z;c8b0633ad96cedd8595f_20261005T113118336263Z,https://ditu.amap.com/place/BX10023339,2026-10-05T11:31:16.788753+00:00,2,True,True,official_map_parent_number,station_entrance_map_parent_numbered,https://ditu.amap.com/place/BX10023339,2026-10-05,False,门禁及临时封路不纳入本轮；导航几何一致性另检,True,official_place_around_text_parent_matching
BV10759017,西站南广场,BX10023340,西站南广场地铁站1号口,150501,115.790766,28.617538,GCJ-02,BV10759017,96.86,True,map_parent_numbered_candidate,excluded_from_scope,False,c5d6dfa5a96294743013_20261005T113116788844Z;c8b0633ad96cedd8595f_20261005T113118336263Z,https://ditu.amap.com/place/BX10023340,2026-10-05T11:31:16.788753+00:00,1,True,True,official_map_parent_number,station_entrance_map_parent_numbered,https://ditu.amap.com/place/BX10023340,2026-10-05,False,门禁及临时封路不纳入本轮；导航几何一致性另检,True,official_place_around_text_parent_matching
BV10759017,西站南广场,BX10035125,西站南广场地铁站3号口,150501,115.791816,28.618941,GCJ-02,BV10759017,139.09,True,map_parent_numbered_candidate,excluded_from_scope,False,c5d6dfa5a96294743013_20261005T113116788844Z;c8b0633ad96cedd8595f_20261005T113118336263Z,https://ditu.amap.com/place/BX10035125,2026-10-05T11:31:16.788753+00:00,3,True,True,official_map_parent_number,station_entrance_map_parent_numbered,https://ditu.amap.com/place/BX10035125,2026-10-05,False,门禁及临时封路不纳入本轮；导航几何一致性另检,True,official_place_around_text_parent_matching
BV10759017,西站南广场,BX10035126,西站南广场地铁站4号口,150501,115.790267,28.619682,GCJ-02,BV10759017,146.53,True,map_parent_numbered_candidate,excluded_from_scope,False,c5d6dfa5a96294743013_20261005T113116788844Z;c8b0633ad96cedd8595f_20261005T113118336263Z,https://ditu.amap.com/place/BX10035126,2026-10-05T11:31:16.788753+00:00,4,True,True,official_map_parent_number,station_entrance_map_parent_numbered,https://ditu.amap.com/place/BX10035126,2026-10-05,False,门禁及临时封路不纳入本轮；导航几何一致性另检,True,official_place_around_text_parent_matching
BV10759017,西站南广场,BX09911816,西站南广场地铁站出入口,150501,115.791905,28.620889,GCJ-02,BV10759017,308.61,True,map_parent_numbered_candidate,excluded_from_scope,False,c5d6dfa5a96294743013_20261005T113116788844Z;c8b0633ad96cedd8595f_20261005T113118336263Z,https://ditu.amap.com/place/BX09911816,2026-10-05T11:31:16.788753+00:00,,True,True,official_map_parent_number,unclassified_access_requires_check,https://ditu.amap.com/place/BX09911816,2026-10-05,False,门禁及临时封路不纳入本轮；导航几何一致性另检,False,official_place_around_text_parent_matching
BV11492870,南昌东站,BX09915071,南昌东站地铁站5号口,150501,116.019094,28.613708,GCJ-02,BV11492870,73.65,True,map_parent_numbered_candidate,excluded_from_scope,False,b2674eca576c90d1f656_20261005T113215191750Z;d5e2d2a05085261a7a44_20261005T113216758165Z,https://ditu.amap.com/place/BX09915071,2026-10-05T11:32:15.191688+00:00,5,True,True,official_map_parent_number,station_entrance_map_parent_numbered,https://ditu.amap.com/place/BX09915071,2026-10-05,False,门禁及临时封路不纳入本轮；导航几何一致性另检,True,official_place_around_text_parent_matching
BV11492870,南昌东站,BX09915069,南昌东站地铁站2号口,150501,116.019208,28.614198,GCJ-02,BV11492870,74.45,True,map_parent_numbered_candidate,excluded_from_scope,False,b2674eca576c90d1f656_20261005T113215191750Z;d5e2d2a05085261a7a44_20261005T113216758165Z,https://ditu.amap.com/place/BX09915069,2026-10-05T11:32:15.191688+00:00,2,True,True,official_map_parent_number,station_entrance_map_parent_numbered,https://ditu.amap.com/place/BX09915069,2026-10-05,False,门禁及临时封路不纳入本轮；导航几何一致性另检,True,official_place_around_text_parent_matching
BV11492870,南昌东站,BX09915068,南昌东站地铁站1号口,150501,116.017669,28.614676,GCJ-02,BV11492870,102.7,True,map_parent_numbered_candidate,excluded_from_scope,False,b2674eca576c90d1f656_20261005T113215191750Z;d5e2d2a05085261a7a44_20261005T113216758165Z,https://ditu.amap.com/place/BX09915068,2026-10-05T11:32:15.191688+00:00,1,True,True,official_map_parent_number,station_entrance_map_parent_numbered,https://ditu.amap.com/place/BX09915068,2026-10-05,False,门禁及临时封路不纳入本轮；导航几何一致性另检,True,official_place_around_text_parent_matching
BV11492870,南昌东站,BX09915070,南昌东站地铁站4号口,150501,116.017457,28.61373,GCJ-02,BV11492870,104.83,True,map_parent_numbered_candidate,excluded_from_scope,False,b2674eca576c90d1f656_20261005T113215191750Z;d5e2d2a05085261a7a44_20261005T113216758165Z,https://ditu.amap.com/place/BX09915070,2026-10-05T11:32:15.191688+00:00,4,True,True,official_map_parent_number,station_entrance_map_parent_numbered,https://ditu.amap.com/place/BX09915070,2026-10-05,False,门禁及临时封路不纳入本轮；导航几何一致性另检,True,official_place_around_text_parent_matching
BV11492870,南昌东站,BX09915296,南昌东站地铁站3号口,150501,116.019771,28.614812,GCJ-02,BV11492870,152.44,True,map_parent_numbered_candidate,excluded_from_scope,False,b2674eca576c90d1f656_20261005T113215191750Z;d5e2d2a05085261a7a44_20261005T113216758165Z,https://ditu.amap.com/place/BX09915296,2026-10-05T11:32:15.191688+00:00,3,True,True,official_map_parent_number,station_entrance_map_parent_numbered,https://ditu.amap.com/place/BX09915296,2026-10-05,False,门禁及临时封路不纳入本轮；导航几何一致性另检,True,official_place_around_text_parent_matching
BV11492870,南昌东站,BX09915295,南昌东站地铁站6号口,150501,116.019398,28.612983,GCJ-02,BV11492870,151.37,True,map_parent_numbered_candidate,excluded_from_scope,False,b2674eca576c90d1f656_20261005T113215191750Z;d5e2d2a05085261a7a44_20261005T113216758165Z,https://ditu.amap.com/place/BX09915295,2026-10-05T11:32:15.191688+00:00,6,True,True,official_map_parent_number,station_entrance_map_parent_numbered,https://ditu.amap.com/place/BX09915295,2026-10-05,False,门禁及临时封路不纳入本轮；导航几何一致性另检,True,official_place_around_text_parent_matching
BV10274810,珠江路,BX10020316,珠江路地铁站3号口,150501,115.875923,28.708163,GCJ-02,BV10274810,71.06,True,map_parent_numbered_candidate,excluded_from_scope,False,41eb62ab1da49bbf8fb8_20261005T113227660247Z;f0cba956ba6a7cdd6173_20261005T113229205927Z,https://ditu.amap.com/place/BX10020316,2026-10-05T11:32:27.660152+00:00,3,True,True,official_map_parent_number,station_entrance_map_parent_numbered,https://ditu.amap.com/place/BX10020316,2026-10-05,False,门禁及临时封路不纳入本轮；导航几何一致性另检,True,official_place_around_text_parent_matching
BV10274810,珠江路,BX10020317,珠江路地铁站2号口,150501,115.876611,28.707863,GCJ-02,BV10274810,77.81,True,map_parent_numbered_candidate,excluded_from_scope,False,41eb62ab1da49bbf8fb8_20261005T113227660247Z;f0cba956ba6a7cdd6173_20261005T113229205927Z,https://ditu.amap.com/place/BX10020317,2026-10-05T11:32:27.660152+00:00,2,True,True,official_map_parent_number,station_entrance_map_parent_numbered,https://ditu.amap.com/place/BX10020317,2026-10-05,False,门禁及临时封路不纳入本轮；导航几何一致性另检,True,official_place_around_text_parent_matching
BV10274810,珠江路,BX10020315,珠江路地铁站4号口,150501,115.875208,28.707063,GCJ-02,BV10274810,85.76,True,map_parent_numbered_candidate,excluded_from_scope,False,41eb62ab1da49bbf8fb8_20261005T113227660247Z;f0cba956ba6a7cdd6173_20261005T113229205927Z,https://ditu.amap.com/place/BX10020315,2026-10-05T11:32:27.660152+00:00,4,True,True,official_map_parent_number,station_entrance_map_parent_numbered,https://ditu.amap.com/place/BX10020315,2026-10-05,False,门禁及临时封路不纳入本轮；导航几何一致性另检,True,official_place_around_text_parent_matching
BV10274810,珠江路,BX10020318,珠江路地铁站1号口,150501,115.875873,28.706642,GCJ-02,BV10274810,98.15,True,map_parent_numbered_candidate,excluded_from_scope,False,41eb62ab1da49bbf8fb8_20261005T113227660247Z;f0cba956ba6a7cdd6173_20261005T113229205927Z,https://ditu.amap.com/place/BX10020318,2026-10-05T11:32:27.660152+00:00,1,True,True,official_map_parent_number,station_entrance_map_parent_numbered,https://ditu.amap.com/place/BX10020318,2026-10-05,False,门禁及临时封路不纳入本轮；导航几何一致性另检,True,official_place_around_text_parent_matching
BV10274820,高新大道,BX10020245,高新大道地铁站3号口,150501,115.959659,28.674833,GCJ-02,BV10274820,84.17,True,map_parent_numbered_candidate,excluded_from_scope,False,c2c27fdd5d327fb55193_20261005T113316789112Z;e99310d930ba97b3e7f8_20261005T113318342892Z,https://ditu.amap.com/place/BX10020245,2026-10-05T11:33:16.789006+00:00,3,True,True,official_map_parent_number,station_entrance_map_parent_numbered,https://ditu.amap.com/place/BX10020245,2026-10-05,False,门禁及临时封路不纳入本轮；导航几何一致性另检,True,official_place_around_text_parent_matching
BV10274820,高新大道,BX10020242,高新大道地铁站2号口,150501,115.960897,28.675086,GCJ-02,BV10274820,88.96,True,map_parent_numbered_candidate,excluded_from_scope,False,c2c27fdd5d327fb55193_20261005T113316789112Z;e99310d930ba97b3e7f8_20261005T113318342892Z,https://ditu.amap.com/place/BX10020242,2026-10-05T11:33:16.789006+00:00,2,True,True,official_map_parent_number,station_entrance_map_parent_numbered,https://ditu.amap.com/place/BX10020242,2026-10-05,False,门禁及临时封路不纳入本轮；导航几何一致性另检,True,official_place_around_text_parent_matching
BV10274820,高新大道,BX10020802,高新大道地铁站4号口,150501,115.96009,28.673625,GCJ-02,BV10274820,93.39,True,map_parent_numbered_candidate,excluded_from_scope,False,c2c27fdd5d327fb55193_20261005T113316789112Z;e99310d930ba97b3e7f8_20261005T113318342892Z,https://ditu.amap.com/place/BX10020802,2026-10-05T11:33:16.789006+00:00,4,True,True,official_map_parent_number,station_entrance_map_parent_numbered,https://ditu.amap.com/place/BX10020802,2026-10-05,False,门禁及临时封路不纳入本轮；导航几何一致性另检,True,official_place_around_text_parent_matching
BV10274820,高新大道,BX09915387,高新大道地铁站出入口,150501,115.95984,28.67519,GCJ-02,BV10274820,100.41,True,map_parent_numbered_candidate,excluded_from_scope,False,c2c27fdd5d327fb55193_20261005T113316789112Z;e99310d930ba97b3e7f8_20261005T113318342892Z,https://ditu.amap.com/place/BX09915387,2026-10-05T11:33:16.789006+00:00,,True,True,official_map_parent_number,unclassified_access_requires_check,https://ditu.amap.com/place/BX09915387,2026-10-05,False,门禁及临时封路不纳入本轮；导航几何一致性另检,False,official_place_around_text_parent_matching
BV10274820,高新大道,BX10020801,高新大道地铁站1号口,150501,115.961318,28.67399,GCJ-02,BV10274820,103.02,True,map_parent_numbered_candidate,excluded_from_scope,False,c2c27fdd5d327fb55193_20261005T113316789112Z;e99310d930ba97b3e7f8_20261005T113318342892Z,https://ditu.amap.com/place/BX10020801,2026-10-05T11:33:16.789006+00:00,1,True,True,official_map_parent_number,station_entrance_map_parent_numbered,https://ditu.amap.com/place/BX10020801,2026-10-05,False,门禁及临时封路不纳入本轮；导航几何一致性另检,True,official_place_around_text_parent_matching
BV10805455,观洲,BX10035148,观洲地铁站3号口,150501,115.862514,28.63202,GCJ-02,BV10805455,73.61,True,map_parent_numbered_candidate,excluded_from_scope,False,af20f96bbd6d867551a0_20261005T113424656303Z;83f2989bdf0dbca45826_20261005T113426223830Z,https://ditu.amap.com/place/BX10035148,2026-10-05T11:34:24.656206+00:00,3,True,True,official_map_parent_number,station_entrance_map_parent_numbered,https://ditu.amap.com/place/BX10035148,2026-10-05,False,门禁及临时封路不纳入本轮；导航几何一致性另检,True,official_place_around_text_parent_matching
BV10805455,观洲,BX10035147,观洲地铁站4号口,150501,115.862934,28.631658,GCJ-02,BV10805455,79.55,True,map_parent_numbered_candidate,excluded_from_scope,False,af20f96bbd6d867551a0_20261005T113424656303Z;83f2989bdf0dbca45826_20261005T113426223830Z,https://ditu.amap.com/place/BX10035147,2026-10-05T11:34:24.656206+00:00,4,True,True,official_map_parent_number,station_entrance_map_parent_numbered,https://ditu.amap.com/place/BX10035147,2026-10-05,False,门禁及临时封路不纳入本轮；导航几何一致性另检,True,official_place_around_text_parent_matching
BV10805455,观洲,BX10035146,观洲地铁站1号口,150501,115.863845,28.632785,GCJ-02,BV10805455,82.02,True,map_parent_numbered_candidate,excluded_from_scope,False,af20f96bbd6d867551a0_20261005T113424656303Z;83f2989bdf0dbca45826_20261005T113426223830Z,https://ditu.amap.com/place/BX10035146,2026-10-05T11:34:24.656206+00:00,1,True,True,official_map_parent_number,station_entrance_map_parent_numbered,https://ditu.amap.com/place/BX10035146,2026-10-05,False,门禁及临时封路不纳入本轮；导航几何一致性另检,True,official_place_around_text_parent_matching
BV10805455,观洲,BX09915497,观洲地铁站2号口,150501,115.862786,28.633253,GCJ-02,BV10805455,108.11,True,map_parent_numbered_candidate,excluded_from_scope,False,af20f96bbd6d867551a0_20261005T113424656303Z;83f2989bdf0dbca45826_20261005T113426223830Z,https://ditu.amap.com/place/BX09915497,2026-10-05T11:34:24.656206+00:00,2,True,True,official_map_parent_number,station_entrance_map_parent_numbered,https://ditu.amap.com/place/BX09915497,2026-10-05,False,门禁及临时封路不纳入本轮；导航几何一致性另检,True,official_place_around_text_parent_matching
BV10273894,国体中心,BX10023319,国体中心地铁站4号口,150501,115.816075,28.621954,GCJ-02,BV10273894,80.15,True,map_parent_numbered_candidate,excluded_from_scope,False,4c519c26e8b8cd82ae97_20261005T113515343036Z;7a240831aa663172b941_20261005T113516902806Z,https://ditu.amap.com/place/BX10023319,2026-10-05T11:35:15.342917+00:00,4,True,True,official_map_parent_number,station_entrance_map_parent_numbered,https://ditu.amap.com/place/BX10023319,2026-10-05,False,门禁及临时封路不纳入本轮；导航几何一致性另检,True,official_place_around_text_parent_matching
BV10273894,国体中心,BX10023318,国体中心地铁站3号口,150501,115.816725,28.6231,GCJ-02,BV10273894,80.29,True,map_parent_numbered_candidate,excluded_from_scope,False,4c519c26e8b8cd82ae97_20261005T113515343036Z;7a240831aa663172b941_20261005T113516902806Z,https://ditu.amap.com/place/BX10023318,2026-10-05T11:35:15.342917+00:00,3,True,True,official_map_parent_number,station_entrance_map_parent_numbered,https://ditu.amap.com/place/BX10023318,2026-10-05,False,门禁及临时封路不纳入本轮；导航几何一致性另检,True,official_place_around_text_parent_matching
BV10273894,国体中心,BX10023316,国体中心地铁站2号口,150501,115.817467,28.622762,GCJ-02,BV10273894,82.9,True,map_parent_numbered_candidate,excluded_from_scope,False,4c519c26e8b8cd82ae97_20261005T113515343036Z;7a240831aa663172b941_20261005T113516902806Z,https://ditu.amap.com/place/BX10023316,2026-10-05T11:35:15.342917+00:00,2,True,True,official_map_parent_number,station_entrance_map_parent_numbered,https://ditu.amap.com/place/BX10023316,2026-10-05,False,门禁及临时封路不纳入本轮；导航几何一致性另检,True,official_place_around_text_parent_matching
BV10273894,国体中心,BX10023317,国体中心地铁站1号口,150501,115.816782,28.621623,GCJ-02,BV10273894,84.06,True,map_parent_numbered_candidate,excluded_from_scope,False,4c519c26e8b8cd82ae97_20261005T113515343036Z;7a240831aa663172b941_20261005T113516902806Z,https://ditu.amap.com/place/BX10023317,2026-10-05T11:35:15.342917+00:00,1,True,True,official_map_parent_number,station_entrance_map_parent_numbered,https://ditu.amap.com/place/BX10023317,2026-10-05,False,门禁及临时封路不纳入本轮；导航几何一致性另检,True,official_place_around_text_parent_matching
BV10272831,青山路口,BX09909208,青山路口地铁站2-1口,150501,115.902308,28.686254,GCJ-02,BV10272831,77.67,True,map_parent_numbered_candidate,excluded_from_scope,False,04c418021aa78bf0219f_20261005T113604367132Z;3fa23e59833f4ba9465b_20261005T113605912915Z,https://ditu.amap.com/place/BX09909208,2026-10-05T11:36:04.367071+00:00,1,True,True,official_map_parent_number,station_entrance_map_parent_numbered,https://ditu.amap.com/place/BX09909208,2026-10-05,False,门禁及临时封路不纳入本轮；导航几何一致性另检,True,official_place_around_text_parent_matching
BV10272831,青山路口,BX09909207,青山路口地铁站6号口,150501,115.901006,28.687375,GCJ-02,BV10272831,107.56,True,map_parent_numbered_candidate,excluded_from_scope,False,04c418021aa78bf0219f_20261005T113604367132Z;3fa23e59833f4ba9465b_20261005T113605912915Z,https://ditu.amap.com/place/BX09909207,2026-10-05T11:36:04.367071+00:00,6,True,True,official_map_parent_number,station_entrance_map_parent_numbered,https://ditu.amap.com/place/BX09909207,2026-10-05,False,门禁及临时封路不纳入本轮；导航几何一致性另检,True,official_place_around_text_parent_matching
BV10272831,青山路口,BX09909209,青山路口地铁站5号口,150501,115.901223,28.687845,GCJ-02,BV10272831,147.93,True,map_parent_numbered_candidate,excluded_from_scope,False,04c418021aa78bf0219f_20261005T113604367132Z;3fa23e59833f4ba9465b_20261005T113605912915Z,https://ditu.amap.com/place/BX09909209,2026-10-05T11:36:04.367071+00:00,5,True,True,official_map_parent_number,station_entrance_map_parent_numbered,https://ditu.amap.com/place/BX09909209,2026-10-05,False,门禁及临时封路不纳入本轮；导航几何一致性另检,True,official_place_around_text_parent_matching
BV10272831,青山路口,BX09909211,青山路口地铁站2-2口,150501,115.902966,28.687231,GCJ-02,BV10272831,153.98,True,map_parent_numbered_candidate,excluded_from_scope,False,04c418021aa78bf0219f_20261005T113604367132Z;3fa23e59833f4ba9465b_20261005T113605912915Z,https://ditu.amap.com/place/BX09909211,2026-10-05T11:36:04.367071+00:00,2,True,True,official_map_parent_number,station_entrance_map_parent_numbered,https://ditu.amap.com/place/BX09909211,2026-10-05,False,门禁及临时封路不纳入本轮；导航几何一致性另检,True,official_place_around_text_parent_matching
BV10272831,青山路口,BX09909212,青山路口地铁站3号口,150501,115.902442,28.688322,GCJ-02,BV10272831,213.48,True,map_parent_numbered_candidate,excluded_from_scope,False,04c418021aa78bf0219f_20261005T113604367132Z;3fa23e59833f4ba9465b_20261005T113605912915Z,https://ditu.amap.com/place/BX09909212,2026-10-05T11:36:04.367071+00:00,3,True,True,official_map_parent_number,station_entrance_map_parent_numbered,https://ditu.amap.com/place/BX09909212,2026-10-05,False,门禁及临时封路不纳入本轮；导航几何一致性另检,True,official_place_around_text_parent_matching
BV10272831,青山路口,BX09909210,青山路口地铁站出入口,150501,115.901993,28.688617,GCJ-02,BV10272831,232.76,True,map_parent_numbered_candidate,excluded_from_scope,False,04c418021aa78bf0219f_20261005T113604367132Z;3fa23e59833f4ba9465b_20261005T113605912915Z,https://ditu.amap.com/place/BX09909210,2026-10-05T11:36:04.367071+00:00,,True,True,official_map_parent_number,unclassified_access_requires_check,https://ditu.amap.com/place/BX09909210,2026-10-05,False,门禁及临时封路不纳入本轮；导航几何一致性另检,False,official_place_around_text_parent_matching
BV10274834,丁公路南,BX10035153,丁公路南地铁站5号口,150501,115.912034,28.663875,GCJ-02,BV10274834,80.42,True,map_parent_numbered_candidate,excluded_from_scope,False,bfee7c3abbf364724999_20261005T113722691998Z;6b23cbd9d96be67fe089_20261005T113724268663Z,https://ditu.amap.com/place/BX10035153,2026-10-05T11:37:22.691928+00:00,5,True,True,official_map_parent_number,station_entrance_map_parent_numbered,https://ditu.amap.com/place/BX10035153,2026-10-05,False,门禁及临时封路不纳入本轮；导航几何一致性另检,True,official_place_around_text_parent_matching
BV10274834,丁公路南,BX10035152,丁公路南地铁站6-1口,150501,115.912673,28.662465,GCJ-02,BV10274834,89.21,True,map_parent_numbered_candidate,excluded_from_scope,False,bfee7c3abbf364724999_20261005T113722691998Z;6b23cbd9d96be67fe089_20261005T113724268663Z,https://ditu.amap.com/place/BX10035152,2026-10-05T11:37:22.691928+00:00,1,True,True,official_map_parent_number,station_entrance_map_parent_numbered,https://ditu.amap.com/place/BX10035152,2026-10-05,False,门禁及临时封路不纳入本轮；导航几何一致性另检,True,official_place_around_text_parent_matching
BV10274834,丁公路南,BX10035151,丁公路南地铁站1号口,150501,115.913317,28.663833,GCJ-02,BV10274834,109.85,True,map_parent_numbered_candidate,excluded_from_scope,False,bfee7c3abbf364724999_20261005T113722691998Z;6b23cbd9d96be67fe089_20261005T113724268663Z,https://ditu.amap.com/place/BX10035151,2026-10-05T11:37:22.691928+00:00,1,True,True,official_map_parent_number,station_entrance_map_parent_numbered,https://ditu.amap.com/place/BX10035151,2026-10-05,False,门禁及临时封路不纳入本轮；导航几何一致性另检,True,official_place_around_text_parent_matching
BV10274834,丁公路南,BX10027104,丁公路南地铁站2号口,150501,115.911573,28.66426,GCJ-02,BV10274834,140.69,True,map_parent_numbered_candidate,excluded_from_scope,False,bfee7c3abbf364724999_20261005T113722691998Z;6b23cbd9d96be67fe089_20261005T113724268663Z,https://ditu.amap.com/place/BX10027104,2026-10-05T11:37:22.691928+00:00,2,True,True,official_map_parent_number,station_entrance_map_parent_numbered,https://ditu.amap.com/place/BX10027104,2026-10-05,False,门禁及临时封路不纳入本轮；导航几何一致性另检,True,official_place_around_text_parent_matching
BV10274834,丁公路南,BX10027106,丁公路南地铁站4号口,150501,115.910074,28.664005,GCJ-02,BV10274834,244.35,True,map_parent_numbered_candidate,excluded_from_scope,False,bfee7c3abbf364724999_20261005T113722691998Z;6b23cbd9d96be67fe089_20261005T113724268663Z,https://ditu.amap.com/place/BX10027106,2026-10-05T11:37:22.691928+00:00,4,True,True,official_map_parent_number,station_entrance_map_parent_numbered,https://ditu.amap.com/place/BX10027106,2026-10-05,False,门禁及临时封路不纳入本轮；导航几何一致性另检,True,official_place_around_text_parent_matching
BV10274834,丁公路南,BX10027105,丁公路南地铁站3号口,150501,115.909865,28.664326,GCJ-02,BV10274834,277.19,True,map_parent_numbered_candidate,excluded_from_scope,False,bfee7c3abbf364724999_20261005T113722691998Z;6b23cbd9d96be67fe089_20261005T113724268663Z,https://ditu.amap.com/place/BX10027105,2026-10-05T11:37:22.691928+00:00,3,True,True,official_map_parent_number,station_entrance_map_parent_numbered,https://ditu.amap.com/place/BX10027105,2026-10-05,False,门禁及临时封路不纳入本轮；导航几何一致性另检,True,official_place_around_text_parent_matching
BV10805445,东新,BX10035127,东新地铁站2号口,150501,115.839998,28.597973,GCJ-02,BV10805445,71.68,True,map_parent_numbered_candidate,excluded_from_scope,False,3e9fdd0afe8b7ac28bab_20261005T113848368162Z;fd588a1696f886369523_20261005T113849898391Z,https://ditu.amap.com/place/BX10035127,2026-10-05T11:38:48.368100+00:00,2,True,True,official_map_parent_number,station_entrance_map_parent_numbered,https://ditu.amap.com/place/BX10035127,2026-10-05,False,门禁及临时封路不纳入本轮；导航几何一致性另检,True,official_place_around_text_parent_matching
BV10805445,东新,BX10035129,东新地铁站1号口,150501,115.839917,28.597539,GCJ-02,BV10805445,75.87,True,map_parent_numbered_candidate,excluded_from_scope,False,3e9fdd0afe8b7ac28bab_20261005T113848368162Z;fd588a1696f886369523_20261005T113849898391Z,https://ditu.amap.com/place/BX10035129,2026-10-05T11:38:48.368100+00:00,1,True,True,official_map_parent_number,station_entrance_map_parent_numbered,https://ditu.amap.com/place/BX10035129,2026-10-05,False,门禁及临时封路不纳入本轮；导航几何一致性另检,True,official_place_around_text_parent_matching
BV10805445,东新,BX10035128,东新地铁站4号口,150501,115.838511,28.597907,GCJ-02,BV10805445,73.81,True,map_parent_numbered_candidate,excluded_from_scope,False,3e9fdd0afe8b7ac28bab_20261005T113848368162Z;fd588a1696f886369523_20261005T113849898391Z,https://ditu.amap.com/place/BX10035128,2026-10-05T11:38:48.368100+00:00,4,True,True,official_map_parent_number,station_entrance_map_parent_numbered,https://ditu.amap.com/place/BX10035128,2026-10-05,False,门禁及临时封路不纳入本轮；导航几何一致性另检,True,official_place_around_text_parent_matching
BV10805444,鱼尾洲,BX10035288,鱼尾洲地铁站3号口,150501,116.001277,28.710063,GCJ-02,BV10805444,83.66,True,map_parent_numbered_candidate,excluded_from_scope,False,57a54df080e71c5e088b_20261005T113929693122Z;e77e8bc9696db6cb02a0_20261005T113931250363Z,https://ditu.amap.com/place/BX10035288,2026-10-05T11:39:29.693048+00:00,3,True,True,official_map_parent_number,station_entrance_map_parent_numbered,https://ditu.amap.com/place/BX10035288,2026-10-05,False,门禁及临时封路不纳入本轮；导航几何一致性另检,True,official_place_around_text_parent_matching
BV10805444,鱼尾洲,BX10035286,鱼尾洲地铁站1号口,150501,116.002658,28.709118,GCJ-02,BV10805444,87.22,True,map_parent_numbered_candidate,excluded_from_scope,False,57a54df080e71c5e088b_20261005T113929693122Z;e77e8bc9696db6cb02a0_20261005T113931250363Z,https://ditu.amap.com/place/BX10035286,2026-10-05T11:39:29.693048+00:00,1,True,True,official_map_parent_number,station_entrance_map_parent_numbered,https://ditu.amap.com/place/BX10035286,2026-10-05,False,门禁及临时封路不纳入本轮；导航几何一致性另检,True,official_place_around_text_parent_matching
BV10805444,鱼尾洲,BX10035289,鱼尾洲地铁站2号口,150501,116.002865,28.709727,GCJ-02,BV10805444,88.44,True,map_parent_numbered_candidate,excluded_from_scope,False,57a54df080e71c5e088b_20261005T113929693122Z;e77e8bc9696db6cb02a0_20261005T113931250363Z,https://ditu.amap.com/place/BX10035289,2026-10-05T11:39:29.693048+00:00,2,True,True,official_map_parent_number,station_entrance_map_parent_numbered,https://ditu.amap.com/place/BX10035289,2026-10-05,False,门禁及临时封路不纳入本轮；导航几何一致性另检,True,official_place_around_text_parent_matching
BV10805444,鱼尾洲,BX10035287,鱼尾洲地铁站4号口,150501,116.001051,28.709558,GCJ-02,BV10805444,89.57,True,map_parent_numbered_candidate,excluded_from_scope,False,57a54df080e71c5e088b_20261005T113929693122Z;e77e8bc9696db6cb02a0_20261005T113931250363Z,https://ditu.amap.com/place/BX10035287,2026-10-05T11:39:29.693048+00:00,4,True,True,official_map_parent_number,station_entrance_map_parent_numbered,https://ditu.amap.com/place/BX10035287,2026-10-05,False,门禁及临时封路不纳入本轮；导航几何一致性另检,True,official_place_around_text_parent_matching
BV11492863,麻丘,BX09915088,麻丘地铁站3号口,150501,116.078158,28.666773,GCJ-02,BV11492863,51.37,True,map_parent_numbered_candidate,excluded_from_scope,False,459a1c998c3ea9c3436a_20261005T114008308625Z;4a4d5d55be047930daef_20261005T114009877041Z,https://ditu.amap.com/place/BX09915088,2026-10-05T11:40:08.308564+00:00,3,True,True,official_map_parent_number,station_entrance_map_parent_numbered,https://ditu.amap.com/place/BX09915088,2026-10-05,False,门禁及临时封路不纳入本轮；导航几何一致性另检,True,official_place_around_text_parent_matching
BV11492863,麻丘,BX09915089,麻丘地铁站1号口,150501,116.07961,28.666283,GCJ-02,BV11492863,100.71,True,map_parent_numbered_candidate,excluded_from_scope,False,459a1c998c3ea9c3436a_20261005T114008308625Z;4a4d5d55be047930daef_20261005T114009877041Z,https://ditu.amap.com/place/BX09915089,2026-10-05T11:40:08.308564+00:00,1,True,True,official_map_parent_number,station_entrance_map_parent_numbered,https://ditu.amap.com/place/BX09915089,2026-10-05,False,门禁及临时封路不纳入本轮；导航几何一致性另检,True,official_place_around_text_parent_matching
BV09098818,复兴大道东,BX10031746,复兴大道东地铁站4号口,150501,115.912054,28.575666,GCJ-02,BV09098818,52.68,True,map_parent_numbered_candidate,excluded_from_scope,False,f36c34644d903a848853_20261005T114032992199Z;40acdef2b26b374e7e3b_20261005T114034555950Z,https://ditu.amap.com/place/BX10031746,2026-10-05T11:40:32.992097+00:00,4,True,True,official_map_parent_number,station_entrance_map_parent_numbered,https://ditu.amap.com/place/BX10031746,2026-10-05,False,门禁及临时封路不纳入本轮；导航几何一致性另检,True,official_place_around_text_parent_matching
BV09098818,复兴大道东,BX09914845,复兴大道东地铁站1号口,150501,115.912808,28.575542,GCJ-02,BV09098818,75.06,True,map_parent_numbered_candidate,excluded_from_scope,False,f36c34644d903a848853_20261005T114032992199Z;40acdef2b26b374e7e3b_20261005T114034555950Z,https://ditu.amap.com/place/BX09914845,2026-10-05T11:40:32.992097+00:00,1,True,True,official_map_parent_number,station_entrance_map_parent_numbered,https://ditu.amap.com/place/BX09914845,2026-10-05,False,门禁及临时封路不纳入本轮；导航几何一致性另检,True,official_place_around_text_parent_matching
BV09098818,复兴大道东,BX10031748,复兴大道东地铁站2号口,150501,115.912561,28.577092,GCJ-02,BV09098818,115.6,True,map_parent_numbered_candidate,excluded_from_scope,False,f36c34644d903a848853_20261005T114032992199Z;40acdef2b26b374e7e3b_20261005T114034555950Z,https://ditu.amap.com/place/BX10031748,2026-10-05T11:40:32.992097+00:00,2,True,True,official_map_parent_number,station_entrance_map_parent_numbered,https://ditu.amap.com/place/BX10031748,2026-10-05,False,门禁及临时封路不纳入本轮；导航几何一致性另检,True,official_place_around_text_parent_matching
BV09098818,复兴大道东,BX10031749,复兴大道东地铁站5号口,150501,115.912194,28.574952,GCJ-02,BV09098818,125.27,True,map_parent_numbered_candidate,excluded_from_scope,False,f36c34644d903a848853_20261005T114032992199Z;40acdef2b26b374e7e3b_20261005T114034555950Z,https://ditu.amap.com/place/BX10031749,2026-10-05T11:40:32.992097+00:00,5,True,True,official_map_parent_number,station_entrance_map_parent_numbered,https://ditu.amap.com/place/BX10031749,2026-10-05,False,门禁及临时封路不纳入本轮；导航几何一致性另检,True,official_place_around_text_parent_matching
BV10914110,辛家庵,BX09909205,辛家庵地铁站1号口,150501,115.939766,28.65881,GCJ-02,BV10914110,61.64,True,map_parent_numbered_candidate,excluded_from_scope,False,3889e40002ab19b8597e_20261005T114125346153Z;d186f54f0ccd8611bc2f_20261005T114126892928Z,https://ditu.amap.com/place/BX09909205,2026-10-05T11:41:25.346021+00:00,1,True,True,official_map_parent_number,station_entrance_map_parent_numbered,https://ditu.amap.com/place/BX09909205,2026-10-05,False,门禁及临时封路不纳入本轮；导航几何一致性另检,True,official_place_around_text_parent_matching
BV10914110,辛家庵,BX09909206,辛家庵地铁站4号口,150501,115.939371,28.658733,GCJ-02,BV10914110,69.91,True,map_parent_numbered_candidate,excluded_from_scope,False,3889e40002ab19b8597e_20261005T114125346153Z;d186f54f0ccd8611bc2f_20261005T114126892928Z,https://ditu.amap.com/place/BX09909206,2026-10-05T11:41:25.346021+00:00,4,True,True,official_map_parent_number,station_entrance_map_parent_numbered,https://ditu.amap.com/place/BX09909206,2026-10-05,False,门禁及临时封路不纳入本轮；导航几何一致性另检,True,official_place_around_text_parent_matching
BV10914110,辛家庵,BX09909204,辛家庵地铁站2号口,150501,115.939706,28.659985,GCJ-02,BV10914110,73.27,True,map_parent_numbered_candidate,excluded_from_scope,False,3889e40002ab19b8597e_20261005T114125346153Z;d186f54f0ccd8611bc2f_20261005T114126892928Z,https://ditu.amap.com/place/BX09909204,2026-10-05T11:41:25.346021+00:00,2,True,True,official_map_parent_number,station_entrance_map_parent_numbered,https://ditu.amap.com/place/BX09909204,2026-10-05,False,门禁及临时封路不纳入本轮；导航几何一致性另检,True,official_place_around_text_parent_matching
BV10274826,龙岗,BX10023346,龙岗地铁站4号口,150501,115.80235,28.622905,GCJ-02,BV10274826,68.38,True,map_parent_numbered_candidate,excluded_from_scope,False,528c8e837ecc34b71a53_20261005T162721200242Z;b04a8f713733c3c9abc7_20261005T162723332425Z,https://ditu.amap.com/place/BX10023346,2026-10-05T16:27:21.200166+00:00,4,True,True,official_map_parent_number,station_entrance_map_parent_numbered,https://ditu.amap.com/place/BX10023346,2026-10-05,False,门禁及临时封路不纳入本轮；导航几何一致性另检,True,official_place_around_text_parent_matching
BV10274826,龙岗,BX10023347,龙岗地铁站1号口,150501,115.803383,28.622611,GCJ-02,BV10274826,72.35,True,map_parent_numbered_candidate,excluded_from_scope,False,528c8e837ecc34b71a53_20261005T162721200242Z;b04a8f713733c3c9abc7_20261005T162723332425Z,https://ditu.amap.com/place/BX10023347,2026-10-05T16:27:21.200166+00:00,1,True,True,official_map_parent_number,station_entrance_map_parent_numbered,https://ditu.amap.com/place/BX10023347,2026-10-05,False,门禁及临时封路不纳入本轮；导航几何一致性另检,True,official_place_around_text_parent_matching
BV10274826,龙岗,BX10023345,龙岗地铁站2号口,150501,115.803164,28.623802,GCJ-02,BV10274826,73.34,True,map_parent_numbered_candidate,excluded_from_scope,False,528c8e837ecc34b71a53_20261005T162721200242Z;b04a8f713733c3c9abc7_20261005T162723332425Z,https://ditu.amap.com/place/BX10023345,2026-10-05T16:27:21.200166+00:00,2,True,True,official_map_parent_number,station_entrance_map_parent_numbered,https://ditu.amap.com/place/BX10023345,2026-10-05,False,门禁及临时封路不纳入本轮；导航几何一致性另检,True,official_place_around_text_parent_matching
BV10274826,龙岗,BX10023348,龙岗地铁站3号口,150501,115.802578,28.623993,GCJ-02,BV10274826,100.76,True,map_parent_numbered_candidate,excluded_from_scope,False,528c8e837ecc34b71a53_20261005T162721200242Z;b04a8f713733c3c9abc7_20261005T162723332425Z,https://ditu.amap.com/place/BX10023348,2026-10-05T16:27:21.200166+00:00,3,True,True,official_map_parent_number,station_entrance_map_parent_numbered,https://ditu.amap.com/place/BX10023348,2026-10-05,False,门禁及临时封路不纳入本轮；导航几何一致性另检,True,official_place_around_text_parent_matching
BV10689052,十字街,BX09909187,十字街地铁站3-2出口,150501,115.90541,28.654193,GCJ-02,BV10689052,53.69,True,map_parent_numbered_candidate,excluded_from_scope,False,833d705559c4b4b36bef_20261005T162830440786Z;77d77664ed4b5acce561_20261005T162832437427Z,https://ditu.amap.com/place/BX09909187,2026-10-05T16:28:30.440706+00:00,,True,True,official_map_parent_number,unclassified_access_requires_check,https://ditu.amap.com/place/BX09909187,2026-10-05,False,门禁及临时封路不纳入本轮；导航几何一致性另检,False,official_place_around_text_parent_matching
BV10689052,十字街,BX09909185,十字街地铁站3-1口,150501,115.905396,28.654388,GCJ-02,BV10689052,70.08,True,map_parent_numbered_candidate,excluded_from_scope,False,833d705559c4b4b36bef_20261005T162830440786Z;77d77664ed4b5acce561_20261005T162832437427Z,https://ditu.amap.com/place/BX09909185,2026-10-05T16:28:30.440706+00:00,1,True,True,official_map_parent_number,station_entrance_map_parent_numbered,https://ditu.amap.com/place/BX09909185,2026-10-05,False,门禁及临时封路不纳入本轮；导航几何一致性另检,True,official_place_around_text_parent_matching
BV10689052,十字街,BX09915374,十字街地铁站出入口,150501,115.905849,28.653011,GCJ-02,BV10689052,98.19,True,map_parent_named_entry_candidate,excluded_from_scope,False,833d705559c4b4b36bef_20261005T162830440786Z;77d77664ed4b5acce561_20261005T162832437427Z,https://ditu.amap.com/place/BX09915374,2026-10-05T16:28:30.440706+00:00,出入口,True,True,official_map_parent_explicit_entry_name,station_entrance_map_parent_named_entry,https://ditu.amap.com/place/BX09915374,2026-10-05,False,门禁及临时封路不纳入本轮；导航几何一致性另检,True,official_place_around_text_parent_matching
BV10689052,十字街,BX09909188,十字街地铁站2号口,150501,115.906207,28.654743,GCJ-02,BV10689052,100.9,True,map_parent_numbered_candidate,excluded_from_scope,False,833d705559c4b4b36bef_20261005T162830440786Z;77d77664ed4b5acce561_20261005T162832437427Z,https://ditu.amap.com/place/BX09909188,2026-10-05T16:28:30.440706+00:00,2,True,True,official_map_parent_number,station_entrance_map_parent_numbered,https://ditu.amap.com/place/BX09909188,2026-10-05,False,门禁及临时封路不纳入本轮；导航几何一致性另检,True,official_place_around_text_parent_matching
BV10689052,十字街,BX09909186,十字街地铁站4号口,150501,115.905714,28.652896,GCJ-02,BV10689052,111.67,True,map_parent_numbered_candidate,excluded_from_scope,False,833d705559c4b4b36bef_20261005T162830440786Z;77d77664ed4b5acce561_20261005T162832437427Z,https://ditu.amap.com/place/BX09909186,2026-10-05T16:28:30.440706+00:00,4,True,True,official_map_parent_number,station_entrance_map_parent_numbered,https://ditu.amap.com/place/BX09909186,2026-10-05,False,门禁及临时封路不纳入本轮；导航几何一致性另检,True,official_place_around_text_parent_matching
BV10689052,十字街,BX09909184,十字街地铁站1号口,150501,115.906629,28.65304,GCJ-02,BV10689052,122.13,True,map_parent_numbered_candidate,excluded_from_scope,False,833d705559c4b4b36bef_20261005T162830440786Z;77d77664ed4b5acce561_20261005T162832437427Z,https://ditu.amap.com/place/BX09909184,2026-10-05T16:28:30.440706+00:00,1,True,True,official_map_parent_number,station_entrance_map_parent_numbered,https://ditu.amap.com/place/BX09909184,2026-10-05,False,门禁及临时封路不纳入本轮；导航几何一致性另检,True,official_place_around_text_parent_matching
BV10689063,江铃,BX10031736,江铃地铁站4号口,150501,115.907173,28.623763,GCJ-02,BV10689063,61.33,True,map_parent_numbered_candidate,excluded_from_scope,False,5d901ae4ecc58c0db8d9_20261005T162957446490Z;d041c404659e49dda79e_20261005T162959417334Z,https://ditu.amap.com/place/BX10031736,2026-10-05T16:29:57.446393+00:00,4,True,True,official_map_parent_number,station_entrance_map_parent_numbered,https://ditu.amap.com/place/BX10031736,2026-10-05,False,门禁及临时封路不纳入本轮；导航几何一致性另检,True,official_place_around_text_parent_matching
BV10689063,江铃,BX10031735,江铃地铁站1号口,150501,115.907788,28.623758,GCJ-02,BV10689063,69.74,True,map_parent_numbered_candidate,excluded_from_scope,False,5d901ae4ecc58c0db8d9_20261005T162957446490Z;d041c404659e49dda79e_20261005T162959417334Z,https://ditu.amap.com/place/BX10031735,2026-10-05T16:29:57.446393+00:00,1,True,True,official_map_parent_number,station_entrance_map_parent_numbered,https://ditu.amap.com/place/BX10031735,2026-10-05,False,门禁及临时封路不纳入本轮；导航几何一致性另检,True,official_place_around_text_parent_matching
BV10689063,江铃,BX10031734,江铃地铁站3号口,150501,115.907054,28.625181,GCJ-02,BV10689063,105.48,True,map_parent_numbered_candidate,excluded_from_scope,False,5d901ae4ecc58c0db8d9_20261005T162957446490Z;d041c404659e49dda79e_20261005T162959417334Z,https://ditu.amap.com/place/BX10031734,2026-10-05T16:29:57.446393+00:00,3,True,True,official_map_parent_number,station_entrance_map_parent_numbered,https://ditu.amap.com/place/BX10031734,2026-10-05,False,门禁及临时封路不纳入本轮；导航几何一致性另检,True,official_place_around_text_parent_matching
BV11624892,昌北机场,BX09914966,昌北机场地铁站2号口,150501,115.918359,28.855945,GCJ-02,BV11624892,47.79,True,map_parent_numbered_candidate,excluded_from_scope,False,b0564015e19f84688a9b_20261005T163053014119Z;7078acc8c89770a9b155_20261005T163055221934Z,https://ditu.amap.com/place/BX09914966,2026-10-05T16:30:53.014015+00:00,2,True,True,official_map_parent_number,station_entrance_map_parent_numbered,https://ditu.amap.com/place/BX09914966,2026-10-05,False,门禁及临时封路不纳入本轮；导航几何一致性另检,True,official_place_around_text_parent_matching
BV11624892,昌北机场,BX09914967,昌北机场地铁站1号口,150501,115.918574,28.856508,GCJ-02,BV11624892,104.97,True,map_parent_numbered_candidate,excluded_from_scope,False,b0564015e19f84688a9b_20261005T163053014119Z;7078acc8c89770a9b155_20261005T163055221934Z,https://ditu.amap.com/place/BX09914967,2026-10-05T16:30:53.014015+00:00,1,True,True,official_map_parent_number,station_entrance_map_parent_numbered,https://ditu.amap.com/place/BX09914967,2026-10-05,False,门禁及临时封路不纳入本轮；导航几何一致性另检,True,official_place_around_text_parent_matching
BV11624892,昌北机场,BX09914968,昌北机场地铁站3号口,150501,115.917785,28.854815,GCJ-02,BV11624892,114.11,True,map_parent_numbered_candidate,excluded_from_scope,False,b0564015e19f84688a9b_20261005T163053014119Z;7078acc8c89770a9b155_20261005T163055221934Z,https://ditu.amap.com/place/BX09914968,2026-10-05T16:30:53.014015+00:00,3,True,True,official_map_parent_number,station_entrance_map_parent_numbered,https://ditu.amap.com/place/BX09914968,2026-10-05,False,门禁及临时封路不纳入本轮；导航几何一致性另检,True,official_place_around_text_parent_matching
BV11492871,李巷,BX09915291,李巷地铁站4号口,150501,115.957197,28.643734,GCJ-02,BV11492871,62.73,True,map_parent_numbered_candidate,excluded_from_scope,False,8433780e1a13b9668626_20261005T163110439403Z;9cb066526b9b03cc2679_20261005T163112533417Z,https://ditu.amap.com/place/BX09915291,2026-10-05T16:31:10.439216+00:00,4,True,True,official_map_parent_number,station_entrance_map_parent_numbered,https://ditu.amap.com/place/BX09915291,2026-10-05,False,门禁及临时封路不纳入本轮；导航几何一致性另检,True,official_place_around_text_parent_matching
BV11492871,李巷,BX09915290,李巷地铁站1号口,150501,115.958607,28.643381,GCJ-02,BV11492871,104.87,True,map_parent_numbered_candidate,excluded_from_scope,False,8433780e1a13b9668626_20261005T163110439403Z;9cb066526b9b03cc2679_20261005T163112533417Z,https://ditu.amap.com/place/BX09915290,2026-10-05T16:31:10.439216+00:00,1,True,True,official_map_parent_number,station_entrance_map_parent_numbered,https://ditu.amap.com/place/BX09915290,2026-10-05,False,门禁及临时封路不纳入本轮；导航几何一致性另检,True,official_place_around_text_parent_matching
BV11492871,李巷,BX09915067,李巷地铁站2号口,150501,115.958918,28.644169,GCJ-02,BV11492871,113.43,True,map_parent_numbered_candidate,excluded_from_scope,False,8433780e1a13b9668626_20261005T163110439403Z;9cb066526b9b03cc2679_20261005T163112533417Z,https://ditu.amap.com/place/BX09915067,2026-10-05T16:31:10.439216+00:00,2,True,True,official_map_parent_number,station_entrance_map_parent_numbered,https://ditu.amap.com/place/BX09915067,2026-10-05,False,门禁及临时封路不纳入本轮；导航几何一致性另检,True,official_place_around_text_parent_matching
BV11492871,李巷,BX09915289,李巷地铁站3号口,150501,115.957719,28.645188,GCJ-02,BV11492871,134.55,True,map_parent_numbered_candidate,excluded_from_scope,False,8433780e1a13b9668626_20261005T163110439403Z;9cb066526b9b03cc2679_20261005T163112533417Z,https://ditu.amap.com/place/BX09915289,2026-10-05T16:31:10.439216+00:00,3,True,True,official_map_parent_number,station_entrance_map_parent_numbered,https://ditu.amap.com/place/BX09915289,2026-10-05,False,门禁及临时封路不纳入本轮；导航几何一致性另检,True,official_place_around_text_parent_matching
BV10563759,庐山南大道,BX10020269,庐山南大道地铁站4号口,150501,115.865532,28.700982,GCJ-02,BV10563759,49.59,True,map_parent_numbered_candidate,excluded_from_scope,False,15f2645359e633dc5ad2_20261005T163221276313Z;eeface5a348a1b88150e_20261005T163223818940Z,https://ditu.amap.com/place/BX10020269,2026-10-05T16:32:21.276208+00:00,4,True,True,official_map_parent_number,station_entrance_map_parent_numbered,https://ditu.amap.com/place/BX10020269,2026-10-05,False,门禁及临时封路不纳入本轮；导航几何一致性另检,True,official_place_around_text_parent_matching
BV10563759,庐山南大道,BX10020271,庐山南大道地铁站2号口,150501,115.865732,28.701984,GCJ-02,BV10563759,64.07,True,map_parent_numbered_candidate,excluded_from_scope,False,15f2645359e633dc5ad2_20261005T163221276313Z;eeface5a348a1b88150e_20261005T163223818940Z,https://ditu.amap.com/place/BX10020271,2026-10-05T16:32:21.276208+00:00,2,True,True,official_map_parent_number,station_entrance_map_parent_numbered,https://ditu.amap.com/place/BX10020271,2026-10-05,False,门禁及临时封路不纳入本轮；导航几何一致性另检,True,official_place_around_text_parent_matching
BV10563759,庐山南大道,BX10020272,庐山南大道地铁站3号口,150501,115.864832,28.701685,GCJ-02,BV10563759,87.72,True,map_parent_numbered_candidate,excluded_from_scope,False,15f2645359e633dc5ad2_20261005T163221276313Z;eeface5a348a1b88150e_20261005T163223818940Z,https://ditu.amap.com/place/BX10020272,2026-10-05T16:32:21.276208+00:00,3,True,True,official_map_parent_number,station_entrance_map_parent_numbered,https://ditu.amap.com/place/BX10020272,2026-10-05,False,门禁及临时封路不纳入本轮；导航几何一致性另检,True,official_place_around_text_parent_matching
BV10563759,庐山南大道,BX10020270,庐山南大道地铁站1号口,150501,115.86646,28.700967,GCJ-02,BV10563759,91.04,True,map_parent_numbered_candidate,excluded_from_scope,False,15f2645359e633dc5ad2_20261005T163221276313Z;eeface5a348a1b88150e_20261005T163223818940Z,https://ditu.amap.com/place/BX10020270,2026-10-05T16:32:21.276208+00:00,1,True,True,official_map_parent_number,station_entrance_map_parent_numbered,https://ditu.amap.com/place/BX10020270,2026-10-05,False,门禁及临时封路不纳入本轮；导航几何一致性另检,True,official_place_around_text_parent_matching
BV10805449,中堡,BX10035144,中堡地铁站1号口,150501,115.753793,28.623095,GCJ-02,BV10805449,56.9,True,map_parent_numbered_candidate,excluded_from_scope,False,a42b23d274646ce73991_20261005T163335803110Z;810287bf63c839f50d49_20261005T163338012535Z,https://ditu.amap.com/place/BX10035144,2026-10-05T16:33:35.802991+00:00,1,True,True,official_map_parent_number,station_entrance_map_parent_numbered,https://ditu.amap.com/place/BX10035144,2026-10-05,False,门禁及临时封路不纳入本轮；导航几何一致性另检,True,official_place_around_text_parent_matching
BV10805449,中堡,BX10035145,中堡地铁站3号口,150501,115.752638,28.623584,GCJ-02,BV10805449,68.28,True,map_parent_numbered_candidate,excluded_from_scope,False,a42b23d274646ce73991_20261005T163335803110Z;810287bf63c839f50d49_20261005T163338012535Z,https://ditu.amap.com/place/BX10035145,2026-10-05T16:33:35.802991+00:00,3,True,True,official_map_parent_number,station_entrance_map_parent_numbered,https://ditu.amap.com/place/BX10035145,2026-10-05,False,门禁及临时封路不纳入本轮；导航几何一致性另检,True,official_place_around_text_parent_matching
BV10805449,中堡,BX10035143,中堡地铁站2号口,150501,115.753883,28.623593,GCJ-02,BV10805449,68.12,True,map_parent_numbered_candidate,excluded_from_scope,False,a42b23d274646ce73991_20261005T163335803110Z;810287bf63c839f50d49_20261005T163338012535Z,https://ditu.amap.com/place/BX10035143,2026-10-05T16:33:35.802991+00:00,2,True,True,official_map_parent_number,station_entrance_map_parent_numbered,https://ditu.amap.com/place/BX10035143,2026-10-05,False,门禁及临时封路不纳入本轮；导航几何一致性另检,True,official_place_around_text_parent_matching
BV10805443,礼庄山,BX10035135,礼庄山地铁站2号口,150501,115.772026,28.625867,GCJ-02,BV10805443,51.59,True,map_parent_numbered_candidate,excluded_from_scope,False,bb333810f29125ecf405_20261005T163443466349Z;d5d4e1ef947cd057c927_20261005T163445593562Z,https://ditu.amap.com/place/BX10035135,2026-10-05T16:34:43.466243+00:00,2,True,True,official_map_parent_number,station_entrance_map_parent_numbered,https://ditu.amap.com/place/BX10035135,2026-10-05,False,门禁及临时封路不纳入本轮；导航几何一致性另检,True,official_place_around_text_parent_matching
BV10805443,礼庄山,BX10035136,礼庄山地铁站3号口,150501,115.771165,28.625991,GCJ-02,BV10805443,77.57,True,map_parent_numbered_candidate,excluded_from_scope,False,bb333810f29125ecf405_20261005T163443466349Z;d5d4e1ef947cd057c927_20261005T163445593562Z,https://ditu.amap.com/place/BX10035136,2026-10-05T16:34:43.466243+00:00,3,True,True,official_map_parent_number,station_entrance_map_parent_numbered,https://ditu.amap.com/place/BX10035136,2026-10-05,False,门禁及临时封路不纳入本轮；导航几何一致性另检,True,official_place_around_text_parent_matching
BV10805443,礼庄山,BX10035137,礼庄山地铁站4号口,150501,115.770852,28.625541,GCJ-02,BV10805443,84.71,True,map_parent_numbered_candidate,excluded_from_scope,False,bb333810f29125ecf405_20261005T163443466349Z;d5d4e1ef947cd057c927_20261005T163445593562Z,https://ditu.amap.com/place/BX10035137,2026-10-05T16:34:43.466243+00:00,4,True,True,official_map_parent_number,station_entrance_map_parent_numbered,https://ditu.amap.com/place/BX10035137,2026-10-05,False,门禁及临时封路不纳入本轮；导航几何一致性另检,True,official_place_around_text_parent_matching
BV10805443,礼庄山,BX10035134,礼庄山地铁站1号口,150501,115.772448,28.62494,GCJ-02,BV10805443,93.9,True,map_parent_numbered_candidate,excluded_from_scope,False,bb333810f29125ecf405_20261005T163443466349Z;d5d4e1ef947cd057c927_20261005T163445593562Z,https://ditu.amap.com/place/BX10035134,2026-10-05T16:34:43.466243+00:00,1,True,True,official_map_parent_number,station_entrance_map_parent_numbered,https://ditu.amap.com/place/BX10035134,2026-10-05,False,门禁及临时封路不纳入本轮；导航几何一致性另检,True,official_place_around_text_parent_matching
BV10689055,八大山人,BX10031740,八大山人地铁站4号口,150501,115.908019,28.601219,GCJ-02,BV10689055,77.41,True,map_parent_numbered_candidate,excluded_from_scope,False,3f30bb8792dc51588402_20261005T163540096599Z;d44b0c267abc4fedb4f0_20261005T163542264418Z,https://ditu.amap.com/place/BX10031740,2026-10-05T16:35:40.096508+00:00,4,True,True,official_map_parent_number,station_entrance_map_parent_numbered,https://ditu.amap.com/place/BX10031740,2026-10-05,False,门禁及临时封路不纳入本轮；导航几何一致性另检,True,official_place_around_text_parent_matching
BV10689055,八大山人,BX10031741,八大山人地铁站2号口,150501,115.90883,28.60263,GCJ-02,BV10689055,99.06,True,map_parent_numbered_candidate,excluded_from_scope,False,3f30bb8792dc51588402_20261005T163540096599Z;d44b0c267abc4fedb4f0_20261005T163542264418Z,https://ditu.amap.com/place/BX10031741,2026-10-05T16:35:40.096508+00:00,2,True,True,official_map_parent_number,station_entrance_map_parent_numbered,https://ditu.amap.com/place/BX10031741,2026-10-05,False,门禁及临时封路不纳入本轮；导航几何一致性另检,True,official_place_around_text_parent_matching
BV10689045,绳金塔,BX09915380,绳金塔地铁站出入口,150501,115.901181,28.658275,GCJ-02,BV10689045,23.14,True,map_parent_named_entry_candidate,excluded_from_scope,False,cdad128ae12498a1082c_20261005T163631046148Z;862fb0f228a1e78e1f8f_20261005T163633392836Z,https://ditu.amap.com/place/BX09915380,2026-10-05T16:36:31.046031+00:00,出入口,True,True,official_map_parent_explicit_entry_name,station_entrance_map_parent_named_entry,https://ditu.amap.com/place/BX09915380,2026-10-05,False,门禁及临时封路不纳入本轮；导航几何一致性另检,True,official_place_around_text_parent_matching
BV10689045,绳金塔,BX09909203,绳金塔地铁站4号口,150501,115.901498,28.657968,GCJ-02,BV10689045,31.42,True,map_parent_numbered_candidate,excluded_from_scope,False,cdad128ae12498a1082c_20261005T163631046148Z;862fb0f228a1e78e1f8f_20261005T163633392836Z,https://ditu.amap.com/place/BX09909203,2026-10-05T16:36:31.046031+00:00,4,True,True,official_map_parent_number,station_entrance_map_parent_numbered,https://ditu.amap.com/place/BX09909203,2026-10-05,False,门禁及临时封路不纳入本轮；导航几何一致性另检,True,official_place_around_text_parent_matching
BV10689045,绳金塔,BX09909202,绳金塔地铁站2号口,150501,115.902267,28.658355,GCJ-02,BV10689045,84.09,True,map_parent_numbered_candidate,excluded_from_scope,False,cdad128ae12498a1082c_20261005T163631046148Z;862fb0f228a1e78e1f8f_20261005T163633392836Z,https://ditu.amap.com/place/BX09909202,2026-10-05T16:36:31.046031+00:00,2,True,True,official_map_parent_number,station_entrance_map_parent_numbered,https://ditu.amap.com/place/BX09909202,2026-10-05,False,门禁及临时封路不纳入本轮；导航几何一致性另检,True,official_place_around_text_parent_matching
BV10689045,绳金塔,BX09909201,绳金塔地铁站1号口,150501,115.90186,28.657481,GCJ-02,BV10689045,95.01,True,map_parent_numbered_candidate,excluded_from_scope,False,cdad128ae12498a1082c_20261005T163631046148Z;862fb0f228a1e78e1f8f_20261005T163633392836Z,https://ditu.amap.com/place/BX09909201,2026-10-05T16:36:31.046031+00:00,1,True,True,official_map_parent_number,station_entrance_map_parent_numbered,https://ditu.amap.com/place/BX09909201,2026-10-05,False,门禁及临时封路不纳入本轮；导航几何一致性另检,True,official_place_around_text_parent_matching
BV10689045,绳金塔,BX09909200,绳金塔地铁站3号口,150501,115.901786,28.65903,GCJ-02,BV10689045,94.91,True,map_parent_numbered_candidate,excluded_from_scope,False,cdad128ae12498a1082c_20261005T163631046148Z;862fb0f228a1e78e1f8f_20261005T163633392836Z,https://ditu.amap.com/place/BX09909200,2026-10-05T16:36:31.046031+00:00,3,True,True,official_map_parent_number,station_entrance_map_parent_numbered,https://ditu.amap.com/place/BX09909200,2026-10-05,False,门禁及临时封路不纳入本轮；导航几何一致性另检,True,official_place_around_text_parent_matching
BV10689060,六眼井,BX09909214,六眼井地铁站1号口,150501,115.89425,28.669724,GCJ-02,BV10689060,31.9,True,map_parent_numbered_candidate,excluded_from_scope,False,2df7c56c9eac4ee9e026_20261005T163804793071Z;62fc8e425f244230d0bf_20261005T163807129164Z,https://ditu.amap.com/place/BX09909214,2026-10-05T16:38:04.792952+00:00,1,True,True,official_map_parent_number,station_entrance_map_parent_numbered,https://ditu.amap.com/place/BX09909214,2026-10-05,False,门禁及临时封路不纳入本轮；导航几何一致性另检,True,official_place_around_text_parent_matching
BV10689060,六眼井,BX09909213,六眼井地铁站3号口,150501,115.893581,28.669843,GCJ-02,BV10689060,34.71,True,map_parent_numbered_candidate,excluded_from_scope,False,2df7c56c9eac4ee9e026_20261005T163804793071Z;62fc8e425f244230d0bf_20261005T163807129164Z,https://ditu.amap.com/place/BX09909213,2026-10-05T16:38:04.792952+00:00,3,True,True,official_map_parent_number,station_entrance_map_parent_numbered,https://ditu.amap.com/place/BX09909213,2026-10-05,False,门禁及临时封路不纳入本轮；导航几何一致性另检,True,official_place_around_text_parent_matching
BV10689051,沥山,BX09914842,沥山地铁站4号口,150501,115.915364,28.556206,GCJ-02,BV10689051,60.99,True,map_parent_numbered_candidate,excluded_from_scope,False,9907d3dbed1aa54b9d4d_20261005T163857245295Z;154812bc22bec2cd88b5_20261005T163859400678Z,https://ditu.amap.com/place/BX09914842,2026-10-05T16:38:57.245207+00:00,4,True,True,official_map_parent_number,station_entrance_map_parent_numbered,https://ditu.amap.com/place/BX09914842,2026-10-05,False,门禁及临时封路不纳入本轮；导航几何一致性另检,True,official_place_around_text_parent_matching
BV10689051,沥山,BX10031745,沥山地铁站1号口,150501,115.916468,28.55562,GCJ-02,BV10689051,92.72,True,map_parent_numbered_candidate,excluded_from_scope,False,9907d3dbed1aa54b9d4d_20261005T163857245295Z;154812bc22bec2cd88b5_20261005T163859400678Z,https://ditu.amap.com/place/BX10031745,2026-10-05T16:38:57.245207+00:00,1,True,True,official_map_parent_number,station_entrance_map_parent_numbered,https://ditu.amap.com/place/BX10031745,2026-10-05,False,门禁及临时封路不纳入本轮；导航几何一致性另检,True,official_place_around_text_parent_matching
BV10689051,沥山,BX10031744,沥山地铁站3号口,150501,115.915103,28.556728,GCJ-02,BV10689051,95.67,True,map_parent_numbered_candidate,excluded_from_scope,False,9907d3dbed1aa54b9d4d_20261005T163857245295Z;154812bc22bec2cd88b5_20261005T163859400678Z,https://ditu.amap.com/place/BX10031744,2026-10-05T16:38:57.245207+00:00,3,True,True,official_map_parent_number,station_entrance_map_parent_numbered,https://ditu.amap.com/place/BX10031744,2026-10-05,False,门禁及临时封路不纳入本轮；导航几何一致性另检,True,official_place_around_text_parent_matching
BV10689051,沥山,BX10031743,沥山地铁站2号口,150501,115.916935,28.556808,GCJ-02,BV10689051,107.98,True,map_parent_numbered_candidate,excluded_from_scope,False,9907d3dbed1aa54b9d4d_20261005T163857245295Z;154812bc22bec2cd88b5_20261005T163859400678Z,https://ditu.amap.com/place/BX10031743,2026-10-05T16:38:57.245207+00:00,2,True,True,official_map_parent_number,station_entrance_map_parent_numbered,https://ditu.amap.com/place/BX10031743,2026-10-05,False,门禁及临时封路不纳入本轮；导航几何一致性另检,True,official_place_around_text_parent_matching
BV10914111,永叔路,BX10027085,永叔路地铁站2号口,150501,115.905457,28.667121,GCJ-02,BV10914111,37.47,True,map_parent_numbered_candidate,excluded_from_scope,False,623456425a761c46e609_20261005T164015186507Z;e1e6c5aaddd7fb4079d2_20261005T164016900148Z,https://ditu.amap.com/place/BX10027085,2026-10-05T16:40:15.186442+00:00,2,True,True,official_map_parent_number,station_entrance_map_parent_numbered,https://ditu.amap.com/place/BX10027085,2026-10-05,False,门禁及临时封路不纳入本轮；导航几何一致性另检,True,official_place_around_text_parent_matching
BV10914111,永叔路,BX10027086,永叔路地铁站4号口,150501,115.905522,28.666101,GCJ-02,BV10914111,80.28,True,map_parent_numbered_candidate,excluded_from_scope,False,623456425a761c46e609_20261005T164015186507Z;e1e6c5aaddd7fb4079d2_20261005T164016900148Z,https://ditu.amap.com/place/BX10027086,2026-10-05T16:40:15.186442+00:00,4,True,True,official_map_parent_number,station_entrance_map_parent_numbered,https://ditu.amap.com/place/BX10027086,2026-10-05,False,门禁及临时封路不纳入本轮；导航几何一致性另检,True,official_place_around_text_parent_matching
BV10767718,国博,BX10023342,国博地铁站2号口,150501,115.796471,28.60821,GCJ-02,BV10767718,58.68,True,map_parent_numbered_candidate,excluded_from_scope,False,130792ccadfa022fea2a_20261005T164102472219Z;5e7c50b49e67df830d4c_20261005T164104336138Z,https://ditu.amap.com/place/BX10023342,2026-10-05T16:41:02.472146+00:00,2,True,True,official_map_parent_number,station_entrance_map_parent_numbered,https://ditu.amap.com/place/BX10023342,2026-10-05,False,门禁及临时封路不纳入本轮；导航几何一致性另检,True,official_place_around_text_parent_matching
BV10767718,国博,BX10023344,国博地铁站1号口,150501,115.79629,28.607551,GCJ-02,BV10767718,84.84,True,map_parent_numbered_candidate,excluded_from_scope,False,130792ccadfa022fea2a_20261005T164102472219Z;5e7c50b49e67df830d4c_20261005T164104336138Z,https://ditu.amap.com/place/BX10023344,2026-10-05T16:41:02.472146+00:00,1,True,True,official_map_parent_number,station_entrance_map_parent_numbered,https://ditu.amap.com/place/BX10023344,2026-10-05,False,门禁及临时封路不纳入本轮；导航几何一致性另检,True,official_place_around_text_parent_matching
BV10767718,国博,BX10023343,国博地铁站3号口,150501,115.795631,28.609102,GCJ-02,BV10767718,100.92,True,map_parent_numbered_candidate,excluded_from_scope,False,130792ccadfa022fea2a_20261005T164102472219Z;5e7c50b49e67df830d4c_20261005T164104336138Z,https://ditu.amap.com/place/BX10023343,2026-10-05T16:41:02.472146+00:00,3,True,True,official_map_parent_number,station_entrance_map_parent_numbered,https://ditu.amap.com/place/BX10023343,2026-10-05,False,门禁及临时封路不纳入本轮；导航几何一致性另检,True,official_place_around_text_parent_matching
BV10767718,国博,BX10023341,国博地铁站4号口,150501,115.794942,28.60785,GCJ-02,BV10767718,99.45,True,map_parent_numbered_candidate,excluded_from_scope,False,130792ccadfa022fea2a_20261005T164102472219Z;5e7c50b49e67df830d4c_20261005T164104336138Z,https://ditu.amap.com/place/BX10023341,2026-10-05T16:41:02.472146+00:00,4,True,True,official_map_parent_number,station_entrance_map_parent_numbered,https://ditu.amap.com/place/BX10023341,2026-10-05,False,门禁及临时封路不纳入本轮；导航几何一致性另检,True,official_place_around_text_parent_matching
BV10914113,雅苑路,BX10027100,雅苑路地铁站2号口,150501,115.857852,28.692041,GCJ-02,BV10914113,45.51,True,map_parent_numbered_candidate,excluded_from_scope,False,5c1c1347a739fa66f168_20261005T164209106713Z;023740397904e80bc524_20261005T164211095262Z,https://ditu.amap.com/place/BX10027100,2026-10-05T16:42:09.106643+00:00,2,True,True,official_map_parent_number,station_entrance_map_parent_numbered,https://ditu.amap.com/place/BX10027100,2026-10-05,False,门禁及临时封路不纳入本轮；导航几何一致性另检,True,official_place_around_text_parent_matching
BV10914113,雅苑路,BX10027099,雅苑路地铁站5号口,150501,115.856585,28.69203,GCJ-02,BV10914113,78.21,True,map_parent_numbered_candidate,excluded_from_scope,False,5c1c1347a739fa66f168_20261005T164209106713Z;023740397904e80bc524_20261005T164211095262Z,https://ditu.amap.com/place/BX10027099,2026-10-05T16:42:09.106643+00:00,5,True,True,official_map_parent_number,station_entrance_map_parent_numbered,https://ditu.amap.com/place/BX10027099,2026-10-05,False,门禁及临时封路不纳入本轮；导航几何一致性另检,True,official_place_around_text_parent_matching
BV10914113,雅苑路,BX10027103,雅苑路地铁站4号口,150501,115.857642,28.692784,GCJ-02,BV10914113,84.18,True,map_parent_numbered_candidate,excluded_from_scope,False,5c1c1347a739fa66f168_20261005T164209106713Z;023740397904e80bc524_20261005T164211095262Z,https://ditu.amap.com/place/BX10027103,2026-10-05T16:42:09.106643+00:00,4,True,True,official_map_parent_number,station_entrance_map_parent_numbered,https://ditu.amap.com/place/BX10027103,2026-10-05,False,门禁及临时封路不纳入本轮；导航几何一致性另检,True,official_place_around_text_parent_matching
BV10914113,雅苑路,BX10027101,雅苑路地铁站1号口,150501,115.856722,28.691049,GCJ-02,BV10914113,129.84,True,map_parent_numbered_candidate,excluded_from_scope,False,5c1c1347a739fa66f168_20261005T164209106713Z;023740397904e80bc524_20261005T164211095262Z,https://ditu.amap.com/place/BX10027101,2026-10-05T16:42:09.106643+00:00,1,True,True,official_map_parent_number,station_entrance_map_parent_numbered,https://ditu.amap.com/place/BX10027101,2026-10-05,False,门禁及临时封路不纳入本轮；导航几何一致性另检,True,official_place_around_text_parent_matching
BV10914113,雅苑路,BX10027102,雅苑路地铁站3号口,150501,115.858965,28.692669,GCJ-02,BV10914113,168.2,True,map_parent_numbered_candidate,excluded_from_scope,False,5c1c1347a739fa66f168_20261005T164209106713Z;023740397904e80bc524_20261005T164211095262Z,https://ditu.amap.com/place/BX10027102,2026-10-05T16:42:09.106643+00:00,3,True,True,official_map_parent_number,station_entrance_map_parent_numbered,https://ditu.amap.com/place/BX10027102,2026-10-05,False,门禁及临时封路不纳入本轮；导航几何一致性另检,True,official_place_around_text_parent_matching
BV10274809,长江路,BX09918280,长江路地铁站2号口,150501,115.880027,28.717851,GCJ-02,BV10274809,57.23,True,map_parent_numbered_candidate,excluded_from_scope,False,0531d802b3193e2d20c4_20261005T164322503140Z;30637e6ffb47b98b39c7_20261005T164324391858Z,https://ditu.amap.com/place/BX09918280,2026-10-05T16:43:22.503003+00:00,2,True,True,official_map_parent_number,station_entrance_map_parent_numbered,https://ditu.amap.com/place/BX09918280,2026-10-05,False,门禁及临时封路不纳入本轮；导航几何一致性另检,True,official_place_around_text_parent_matching
BV10274809,长江路,BX10020309,长江路地铁站3号口,150501,115.879347,28.718042,GCJ-02,BV10274809,67.79,True,map_parent_numbered_candidate,excluded_from_scope,False,0531d802b3193e2d20c4_20261005T164322503140Z;30637e6ffb47b98b39c7_20261005T164324391858Z,https://ditu.amap.com/place/BX10020309,2026-10-05T16:43:22.503003+00:00,3,True,True,official_map_parent_number,station_entrance_map_parent_numbered,https://ditu.amap.com/place/BX10020309,2026-10-05,False,门禁及临时封路不纳入本轮；导航几何一致性另检,True,official_place_around_text_parent_matching
BV10274809,长江路,BX10020311,长江路地铁站4号口,150501,115.879281,28.716779,GCJ-02,BV10274809,84.73,True,map_parent_numbered_candidate,excluded_from_scope,False,0531d802b3193e2d20c4_20261005T164322503140Z;30637e6ffb47b98b39c7_20261005T164324391858Z,https://ditu.amap.com/place/BX10020311,2026-10-05T16:43:22.503003+00:00,4,True,True,official_map_parent_number,station_entrance_map_parent_numbered,https://ditu.amap.com/place/BX10020311,2026-10-05,False,门禁及临时封路不纳入本轮；导航几何一致性另检,True,official_place_around_text_parent_matching
BV10274809,长江路,BX10020310,长江路地铁站1号口,150501,115.880011,28.716623,GCJ-02,BV10274809,102.78,True,map_parent_numbered_candidate,excluded_from_scope,False,0531d802b3193e2d20c4_20261005T164322503140Z;30637e6ffb47b98b39c7_20261005T164324391858Z,https://ditu.amap.com/place/BX10020310,2026-10-05T16:43:22.503003+00:00,1,True,True,official_map_parent_number,station_entrance_map_parent_numbered,https://ditu.amap.com/place/BX10020310,2026-10-05,False,门禁及临时封路不纳入本轮；导航几何一致性另检,True,official_place_around_text_parent_matching
BV10805458,桃苑,BX10035168,桃苑地铁站1号口,150501,115.890256,28.659497,GCJ-02,BV10805458,35.72,True,map_parent_numbered_candidate,excluded_from_scope,False,b5f6d82fa5b40bdd4147_20261005T164423076592Z;434eb25bd6d3fc54f794_20261005T164424921900Z,https://ditu.amap.com/place/BX10035168,2026-10-05T16:44:23.076514+00:00,1,True,True,official_map_parent_number,station_entrance_map_parent_numbered,https://ditu.amap.com/place/BX10035168,2026-10-05,False,门禁及临时封路不纳入本轮；导航几何一致性另检,True,official_place_around_text_parent_matching
BV10805458,桃苑,BX10035169,桃苑地铁站4号口,150501,115.889286,28.659252,GCJ-02,BV10805458,85.03,True,map_parent_numbered_candidate,excluded_from_scope,False,b5f6d82fa5b40bdd4147_20261005T164423076592Z;434eb25bd6d3fc54f794_20261005T164424921900Z,https://ditu.amap.com/place/BX10035169,2026-10-05T16:44:23.076514+00:00,4,True,True,official_map_parent_number,station_entrance_map_parent_numbered,https://ditu.amap.com/place/BX10035169,2026-10-05,False,门禁及临时封路不纳入本轮；导航几何一致性另检,True,official_place_around_text_parent_matching
BV10805458,桃苑,BX10035170,桃苑地铁站2号口,150501,115.891251,28.659748,GCJ-02,BV10805458,123.79,True,map_parent_numbered_candidate,excluded_from_scope,False,b5f6d82fa5b40bdd4147_20261005T164423076592Z;434eb25bd6d3fc54f794_20261005T164424921900Z,https://ditu.amap.com/place/BX10035170,2026-10-05T16:44:23.076514+00:00,2,True,True,official_map_parent_number,station_entrance_map_parent_numbered,https://ditu.amap.com/place/BX10035170,2026-10-05,False,门禁及临时封路不纳入本轮；导航几何一致性另检,True,official_place_around_text_parent_matching
BV10805458,桃苑,BX10035655,桃苑地铁站3号口,150501,115.88843,28.660465,GCJ-02,BV10805458,173.18,True,map_parent_numbered_candidate,excluded_from_scope,False,b5f6d82fa5b40bdd4147_20261005T164423076592Z;434eb25bd6d3fc54f794_20261005T164424921900Z,https://ditu.amap.com/place/BX10035655,2026-10-05T16:44:23.076514+00:00,3,True,True,official_map_parent_number,station_entrance_map_parent_numbered,https://ditu.amap.com/place/BX10035655,2026-10-05,False,门禁及临时封路不纳入本轮；导航几何一致性另检,True,official_place_around_text_parent_matching
BV10274828,前湖大道,BX10023382,前湖大道地铁站2号口,150501,115.835434,28.651979,GCJ-02,BV10274828,49.83,True,map_parent_numbered_candidate,excluded_from_scope,False,c4bc46491510e5944826_20261005T164522838791Z;27885fd3168a1e8b0ec3_20261005T164524673744Z,https://ditu.amap.com/place/BX10023382,2026-10-05T16:45:22.838669+00:00,2,True,True,official_map_parent_number,station_entrance_map_parent_numbered,https://ditu.amap.com/place/BX10023382,2026-10-05,False,门禁及临时封路不纳入本轮；导航几何一致性另检,True,official_place_around_text_parent_matching
BV10274828,前湖大道,BX10023366,前湖大道地铁站4号口,150501,115.834324,28.651535,GCJ-02,BV10274828,70.57,True,map_parent_numbered_candidate,excluded_from_scope,False,c4bc46491510e5944826_20261005T164522838791Z;27885fd3168a1e8b0ec3_20261005T164524673744Z,https://ditu.amap.com/place/BX10023366,2026-10-05T16:45:22.838669+00:00,4,True,True,official_map_parent_number,station_entrance_map_parent_numbered,https://ditu.amap.com/place/BX10023366,2026-10-05,False,门禁及临时封路不纳入本轮；导航几何一致性另检,True,official_place_around_text_parent_matching
BV10274828,前湖大道,BX10023368,前湖大道地铁站1号口,150501,115.834966,28.651151,GCJ-02,BV10274828,79.88,True,map_parent_numbered_candidate,excluded_from_scope,False,c4bc46491510e5944826_20261005T164522838791Z;27885fd3168a1e8b0ec3_20261005T164524673744Z,https://ditu.amap.com/place/BX10023368,2026-10-05T16:45:22.838669+00:00,1,True,True,official_map_parent_number,station_entrance_map_parent_numbered,https://ditu.amap.com/place/BX10023368,2026-10-05,False,门禁及临时封路不纳入本轮；导航几何一致性另检,True,official_place_around_text_parent_matching
BV10274828,前湖大道,BX10023367,前湖大道地铁站3号口,150501,115.834956,28.652648,GCJ-02,BV10274828,86.64,True,map_parent_numbered_candidate,excluded_from_scope,False,c4bc46491510e5944826_20261005T164522838791Z;27885fd3168a1e8b0ec3_20261005T164524673744Z,https://ditu.amap.com/place/BX10023367,2026-10-05T16:45:22.838669+00:00,3,True,True,official_map_parent_number,station_entrance_map_parent_numbered,https://ditu.amap.com/place/BX10023367,2026-10-05,False,门禁及临时封路不纳入本轮；导航几何一致性另检,True,official_place_around_text_parent_matching
BV10805453,坛子口,BX09914867,坛子口地铁站2号口,150501,115.90988,28.65749,GCJ-02,BV10805453,82.23,True,map_parent_numbered_candidate,excluded_from_scope,False,b8a161a219821e3a31db_20261005T164633476876Z;a6721451cf33e799ec0d_20261005T164635390127Z,https://ditu.amap.com/place/BX09914867,2026-10-05T16:46:33.476784+00:00,2,True,True,official_map_parent_number,station_entrance_map_parent_numbered,https://ditu.amap.com/place/BX09914867,2026-10-05,False,门禁及临时封路不纳入本轮；导航几何一致性另检,True,official_place_around_text_parent_matching
BV10805453,坛子口,BX10035139,坛子口地铁站1号口,150501,115.909989,28.65679,GCJ-02,BV10805453,93.53,True,map_parent_numbered_candidate,excluded_from_scope,False,b8a161a219821e3a31db_20261005T164633476876Z;a6721451cf33e799ec0d_20261005T164635390127Z,https://ditu.amap.com/place/BX10035139,2026-10-05T16:46:33.476784+00:00,1,True,True,official_map_parent_number,station_entrance_map_parent_numbered,https://ditu.amap.com/place/BX10035139,2026-10-05,False,门禁及临时封路不纳入本轮；导航几何一致性另检,True,official_place_around_text_parent_matching
BV10805453,坛子口,BX10035654,坛子口地铁站4号口,150501,115.907948,28.656915,GCJ-02,BV10805453,118.17,True,map_parent_numbered_candidate,excluded_from_scope,False,b8a161a219821e3a31db_20261005T164633476876Z;a6721451cf33e799ec0d_20261005T164635390127Z,https://ditu.amap.com/place/BX10035654,2026-10-05T16:46:33.476784+00:00,4,True,True,official_map_parent_number,station_entrance_map_parent_numbered,https://ditu.amap.com/place/BX10035654,2026-10-05,False,门禁及临时封路不纳入本轮；导航几何一致性另检,True,official_place_around_text_parent_matching
BV10805453,坛子口,BX10035653,坛子口地铁站3号口,150501,115.907915,28.657335,GCJ-02,BV10805453,119.89,True,map_parent_numbered_candidate,excluded_from_scope,False,b8a161a219821e3a31db_20261005T164633476876Z;a6721451cf33e799ec0d_20261005T164635390127Z,https://ditu.amap.com/place/BX10035653,2026-10-05T16:46:33.476784+00:00,3,True,True,official_map_parent_number,station_entrance_map_parent_numbered,https://ditu.amap.com/place/BX10035653,2026-10-05,False,门禁及临时封路不纳入本轮；导航几何一致性另检,True,official_place_around_text_parent_matching
BV10585802,孔目湖,BX10020305,孔目湖地铁站4号口,150501,115.857996,28.732239,GCJ-02,BV10585802,71.14,True,map_parent_numbered_candidate,excluded_from_scope,False,18549768a16bdc54d6cf_20261005T164735351377Z;1bed644e64ab50e7a761_20261005T164737192947Z,https://ditu.amap.com/place/BX10020305,2026-10-05T16:47:35.351264+00:00,4,True,True,official_map_parent_number,station_entrance_map_parent_numbered,https://ditu.amap.com/place/BX10020305,2026-10-05,False,门禁及临时封路不纳入本轮；导航几何一致性另检,True,official_place_around_text_parent_matching
BV10585802,孔目湖,BX10020304,孔目湖地铁站3号口,150501,115.857435,28.73339,GCJ-02,BV10585802,76.63,True,map_parent_numbered_candidate,excluded_from_scope,False,18549768a16bdc54d6cf_20261005T164735351377Z;1bed644e64ab50e7a761_20261005T164737192947Z,https://ditu.amap.com/place/BX10020304,2026-10-05T16:47:35.351264+00:00,3,True,True,official_map_parent_number,station_entrance_map_parent_numbered,https://ditu.amap.com/place/BX10020304,2026-10-05,False,门禁及临时封路不纳入本轮；导航几何一致性另检,True,official_place_around_text_parent_matching
BV10585802,孔目湖,BX09918282,孔目湖地铁站1号口,150501,115.858509,28.732389,GCJ-02,BV10585802,76.23,True,map_parent_numbered_candidate,excluded_from_scope,False,18549768a16bdc54d6cf_20261005T164735351377Z;1bed644e64ab50e7a761_20261005T164737192947Z,https://ditu.amap.com/place/BX09918282,2026-10-05T16:47:35.351264+00:00,1,True,True,official_map_parent_number,station_entrance_map_parent_numbered,https://ditu.amap.com/place/BX09918282,2026-10-05,False,门禁及临时封路不纳入本轮；导航几何一致性另检,True,official_place_around_text_parent_matching
BV10585802,孔目湖,BX09918281,孔目湖地铁站2号口,150501,115.857985,28.733608,GCJ-02,BV10585802,81.21,True,map_parent_numbered_candidate,excluded_from_scope,False,18549768a16bdc54d6cf_20261005T164735351377Z;1bed644e64ab50e7a761_20261005T164737192947Z,https://ditu.amap.com/place/BX09918281,2026-10-05T16:47:35.351264+00:00,2,True,True,official_map_parent_number,station_entrance_map_parent_numbered,https://ditu.amap.com/place/BX09918281,2026-10-05,False,门禁及临时封路不纳入本轮；导航几何一致性另检,True,official_place_around_text_parent_matching
BV10689061,柏岗,BX10031750,柏岗地铁站2号口,150501,115.918419,28.544873,GCJ-02,BV10689061,36.63,True,map_parent_numbered_candidate,excluded_from_scope,False,2e5a5c85486be27418e4_20261005T164844647745Z;4d3c12088a0325ef1997_20261005T164846534381Z,https://ditu.amap.com/place/BX10031750,2026-10-05T16:48:44.647628+00:00,2,True,True,official_map_parent_number,station_entrance_map_parent_numbered,https://ditu.amap.com/place/BX10031750,2026-10-05,False,门禁及临时封路不纳入本轮；导航几何一致性另检,True,official_place_around_text_parent_matching
BV10689061,柏岗,BX10031753,柏岗地铁站3号口,150501,115.917667,28.544839,GCJ-02,BV10689061,48.03,True,map_parent_numbered_candidate,excluded_from_scope,False,2e5a5c85486be27418e4_20261005T164844647745Z;4d3c12088a0325ef1997_20261005T164846534381Z,https://ditu.amap.com/place/BX10031753,2026-10-05T16:48:44.647628+00:00,3,True,True,official_map_parent_number,station_entrance_map_parent_numbered,https://ditu.amap.com/place/BX10031753,2026-10-05,False,门禁及临时封路不纳入本轮；导航几何一致性另检,True,official_place_around_text_parent_matching
BV10689061,柏岗,BX10031751,柏岗地铁站4号口,150501,115.917719,28.544028,GCJ-02,BV10689061,81.77,True,map_parent_numbered_candidate,excluded_from_scope,False,2e5a5c85486be27418e4_20261005T164844647745Z;4d3c12088a0325ef1997_20261005T164846534381Z,https://ditu.amap.com/place/BX10031751,2026-10-05T16:48:44.647628+00:00,4,True,True,official_map_parent_number,station_entrance_map_parent_numbered,https://ditu.amap.com/place/BX10031751,2026-10-05,False,门禁及临时封路不纳入本轮；导航几何一致性另检,True,official_place_around_text_parent_matching
BV10689061,柏岗,BX10031752,柏岗地铁站1号口,150501,115.91872,28.543564,GCJ-02,BV10689061,136.49,True,map_parent_numbered_candidate,excluded_from_scope,False,2e5a5c85486be27418e4_20261005T164844647745Z;4d3c12088a0325ef1997_20261005T164846534381Z,https://ditu.amap.com/place/BX10031752,2026-10-05T16:48:44.647628+00:00,1,True,True,official_map_parent_number,station_entrance_map_parent_numbered,https://ditu.amap.com/place/BX10031752,2026-10-05,False,门禁及临时封路不纳入本轮；导航几何一致性另检,True,official_place_around_text_parent_matching
BV10805452,起凤路,BX10035280,起凤路地铁站2号口,150501,115.916853,28.702871,GCJ-02,BV10805452,54.13,True,map_parent_numbered_candidate,excluded_from_scope,False,ef07072b12d5872eaace_20261005T164929282154Z;e283f0d2e3b817c9cb8b_20261005T164931193195Z,https://ditu.amap.com/place/BX10035280,2026-10-05T16:49:29.281918+00:00,2,True,True,official_map_parent_number,station_entrance_map_parent_numbered,https://ditu.amap.com/place/BX10035280,2026-10-05,False,门禁及临时封路不纳入本轮；导航几何一致性另检,True,official_place_around_text_parent_matching
BV10805452,起凤路,BX10035652,起凤路地铁站1号口,150501,115.917665,28.702706,GCJ-02,BV10805452,69.34,True,map_parent_numbered_candidate,excluded_from_scope,False,ef07072b12d5872eaace_20261005T164929282154Z;e283f0d2e3b817c9cb8b_20261005T164931193195Z,https://ditu.amap.com/place/BX10035652,2026-10-05T16:49:29.281918+00:00,1,True,True,official_map_parent_number,station_entrance_map_parent_numbered,https://ditu.amap.com/place/BX10035652,2026-10-05,False,门禁及临时封路不纳入本轮；导航几何一致性另检,True,official_place_around_text_parent_matching
BV10805452,起凤路,BX10035279,起凤路地铁站4号口,150501,115.916716,28.701603,GCJ-02,BV10805452,95.28,True,map_parent_numbered_candidate,excluded_from_scope,False,ef07072b12d5872eaace_20261005T164929282154Z;e283f0d2e3b817c9cb8b_20261005T164931193195Z,https://ditu.amap.com/place/BX10035279,2026-10-05T16:49:29.281918+00:00,4,True,True,official_map_parent_number,station_entrance_map_parent_numbered,https://ditu.amap.com/place/BX10035279,2026-10-05,False,门禁及临时封路不纳入本轮；导航几何一致性另检,True,official_place_around_text_parent_matching
BV10805448,南昌大桥东,BX10035133,南昌大桥东地铁站4号口,150501,115.87701,28.654997,GCJ-02,BV10805448,71.97,True,map_parent_numbered_candidate,excluded_from_scope,False,c306b36432bf7ed50d35_20261005T165035346716Z;41920d7a33f8433e71ad_20261005T165037224891Z,https://ditu.amap.com/place/BX10035133,2026-10-05T16:50:35.346628+00:00,4,True,True,official_map_parent_number,station_entrance_map_parent_numbered,https://ditu.amap.com/place/BX10035133,2026-10-05,False,门禁及临时封路不纳入本轮；导航几何一致性另检,True,official_place_around_text_parent_matching
BV10805448,南昌大桥东,BX09914863,南昌大桥东地铁站1号口,150501,115.878141,28.65491,GCJ-02,BV10805448,78.6,True,map_parent_numbered_candidate,excluded_from_scope,False,c306b36432bf7ed50d35_20261005T165035346716Z;41920d7a33f8433e71ad_20261005T165037224891Z,https://ditu.amap.com/place/BX09914863,2026-10-05T16:50:35.346628+00:00,1,True,True,official_map_parent_number,station_entrance_map_parent_numbered,https://ditu.amap.com/place/BX09914863,2026-10-05,False,门禁及临时封路不纳入本轮；导航几何一致性另检,True,official_place_around_text_parent_matching
BV10805448,南昌大桥东,BX10035131,南昌大桥东地铁站3号口,150501,115.877554,28.656198,GCJ-02,BV10805448,87.31,True,map_parent_numbered_candidate,excluded_from_scope,False,c306b36432bf7ed50d35_20261005T165035346716Z;41920d7a33f8433e71ad_20261005T165037224891Z,https://ditu.amap.com/place/BX10035131,2026-10-05T16:50:35.346628+00:00,3,True,True,official_map_parent_number,station_entrance_map_parent_numbered,https://ditu.amap.com/place/BX10035131,2026-10-05,False,门禁及临时封路不纳入本轮；导航几何一致性另检,True,official_place_around_text_parent_matching
BV10805448,南昌大桥东,BX09914865,南昌大桥东地铁站2号口,150501,115.878432,28.655536,GCJ-02,BV10805448,84.73,True,map_parent_numbered_candidate,excluded_from_scope,False,c306b36432bf7ed50d35_20261005T165035346716Z;41920d7a33f8433e71ad_20261005T165037224891Z,https://ditu.amap.com/place/BX09914865,2026-10-05T16:50:35.346628+00:00,2,True,True,official_map_parent_number,station_entrance_map_parent_numbered,https://ditu.amap.com/place/BX09914865,2026-10-05,False,门禁及临时封路不纳入本轮；导航几何一致性另检,True,official_place_around_text_parent_matching
BV10689056,墩子塘,BX09909190,墩子塘地铁站3号口,150501,115.894679,28.685183,GCJ-02,BV10689056,27.4,True,map_parent_numbered_candidate,excluded_from_scope,False,c48bba705e854d7bee1b_20261005T165135732469Z;108fbf087d058e4f0198_20261005T165137583288Z,https://ditu.amap.com/place/BX09909190,2026-10-05T16:51:35.732395+00:00,3,True,True,official_map_parent_number,station_entrance_map_parent_numbered,https://ditu.amap.com/place/BX09909190,2026-10-05,False,门禁及临时封路不纳入本轮；导航几何一致性另检,True,official_place_around_text_parent_matching
BV10689056,墩子塘,BX09909191,墩子塘地铁站2号口,150501,115.895447,28.685215,GCJ-02,BV10689056,70.13,True,map_parent_numbered_candidate,excluded_from_scope,False,c48bba705e854d7bee1b_20261005T165135732469Z;108fbf087d058e4f0198_20261005T165137583288Z,https://ditu.amap.com/place/BX09909191,2026-10-05T16:51:35.732395+00:00,2,True,True,official_map_parent_number,station_entrance_map_parent_numbered,https://ditu.amap.com/place/BX09909191,2026-10-05,False,门禁及临时封路不纳入本轮；导航几何一致性另检,True,official_place_around_text_parent_matching
BV10689056,墩子塘,BX09909189,墩子塘地铁站4号口,150501,115.894036,28.684725,GCJ-02,BV10689056,78.04,True,map_parent_numbered_candidate,excluded_from_scope,False,c48bba705e854d7bee1b_20261005T165135732469Z;108fbf087d058e4f0198_20261005T165137583288Z,https://ditu.amap.com/place/BX09909189,2026-10-05T16:51:35.732395+00:00,4,True,True,official_map_parent_number,station_entrance_map_parent_numbered,https://ditu.amap.com/place/BX09909189,2026-10-05,False,门禁及临时封路不纳入本轮；导航几何一致性另检,True,official_place_around_text_parent_matching
BV10274819,青山湖大道,BX10020247,青山湖大道地铁站3号口,150501,115.948606,28.674997,GCJ-02,BV10274819,73.98,True,map_parent_numbered_candidate,excluded_from_scope,False,b681d2534e363515b934_20261005T165235841155Z;ad881c4c8b831e2b20db_20261005T165237815799Z,https://ditu.amap.com/place/BX10020247,2026-10-05T16:52:35.841080+00:00,3,True,True,official_map_parent_number,station_entrance_map_parent_numbered,https://ditu.amap.com/place/BX10020247,2026-10-05,False,门禁及临时封路不纳入本轮；导航几何一致性另检,True,official_place_around_text_parent_matching
BV10274819,青山湖大道,BX10020246,青山湖大道地铁站4号口,150501,115.948195,28.674004,GCJ-02,BV10274819,74.19,True,map_parent_numbered_candidate,excluded_from_scope,False,b681d2534e363515b934_20261005T165235841155Z;ad881c4c8b831e2b20db_20261005T165237815799Z,https://ditu.amap.com/place/BX10020246,2026-10-05T16:52:35.841080+00:00,4,True,True,official_map_parent_number,station_entrance_map_parent_numbered,https://ditu.amap.com/place/BX10020246,2026-10-05,False,门禁及临时封路不纳入本轮；导航几何一致性另检,True,official_place_around_text_parent_matching
BV10274819,青山湖大道,BX09918255,青山湖大道地铁站1号口,150501,115.949366,28.673679,GCJ-02,BV10274819,91.97,True,map_parent_numbered_candidate,excluded_from_scope,False,b681d2534e363515b934_20261005T165235841155Z;ad881c4c8b831e2b20db_20261005T165237815799Z,https://ditu.amap.com/place/BX09918255,2026-10-05T16:52:35.841080+00:00,1,True,True,official_map_parent_number,station_entrance_map_parent_numbered,https://ditu.amap.com/place/BX09918255,2026-10-05,False,门禁及临时封路不纳入本轮；导航几何一致性另检,True,official_place_around_text_parent_matching
BV10274819,青山湖大道,BX10020803,青山湖大道地铁站2号口,150501,115.949899,28.674606,GCJ-02,BV10274819,107.17,True,map_parent_numbered_candidate,excluded_from_scope,False,b681d2534e363515b934_20261005T165235841155Z;ad881c4c8b831e2b20db_20261005T165237815799Z,https://ditu.amap.com/place/BX10020803,2026-10-05T16:52:35.841080+00:00,2,True,True,official_map_parent_number,station_entrance_map_parent_numbered,https://ditu.amap.com/place/BX10020803,2026-10-05,False,门禁及临时封路不纳入本轮；导航几何一致性另检,True,official_place_around_text_parent_matching
BV10805462,白马山,BX09909182,白马山地铁站2-1口,150501,115.722508,28.630943,GCJ-02,BV10805462,29.88,True,map_parent_numbered_candidate,excluded_from_scope,False,330f2f74712ce57ef1b6_20261005T165353189169Z;f62a6f2ef0c487d7b9b5_20261005T165355145075Z,https://ditu.amap.com/place/BX09909182,2026-10-05T16:53:53.189096+00:00,1,True,True,official_map_parent_number,station_entrance_map_parent_numbered,https://ditu.amap.com/place/BX09909182,2026-10-05,False,门禁及临时封路不纳入本轮；导航几何一致性另检,True,official_place_around_text_parent_matching
BV10805462,白马山,BX09909181,白马山地铁站3号口,150501,115.721942,28.631001,GCJ-02,BV10805462,64.29,True,map_parent_numbered_candidate,excluded_from_scope,False,330f2f74712ce57ef1b6_20261005T165353189169Z;f62a6f2ef0c487d7b9b5_20261005T165355145075Z,https://ditu.amap.com/place/BX09909181,2026-10-05T16:53:53.189096+00:00,3,True,True,official_map_parent_number,station_entrance_map_parent_numbered,https://ditu.amap.com/place/BX09909181,2026-10-05,False,门禁及临时封路不纳入本轮；导航几何一致性另检,True,official_place_around_text_parent_matching
BV10805462,白马山,BX09909180,白马山地铁站2-2口,150501,115.722252,28.631256,GCJ-02,BV10805462,68.52,True,map_parent_numbered_candidate,excluded_from_scope,False,330f2f74712ce57ef1b6_20261005T165353189169Z;f62a6f2ef0c487d7b9b5_20261005T165355145075Z,https://ditu.amap.com/place/BX09909180,2026-10-05T16:53:53.189096+00:00,2,True,True,official_map_parent_number,station_entrance_map_parent_numbered,https://ditu.amap.com/place/BX09909180,2026-10-05,False,门禁及临时封路不纳入本轮；导航几何一致性另检,True,official_place_around_text_parent_matching
BV10805462,白马山,BX09909183,白马山地铁站4号口,150501,115.722681,28.630067,GCJ-02,BV10805462,70.23,True,map_parent_numbered_candidate,excluded_from_scope,False,330f2f74712ce57ef1b6_20261005T165353189169Z;f62a6f2ef0c487d7b9b5_20261005T165355145075Z,https://ditu.amap.com/place/BX09909183,2026-10-05T16:53:53.189096+00:00,4,True,True,official_map_parent_number,station_entrance_map_parent_numbered,https://ditu.amap.com/place/BX09909183,2026-10-05,False,门禁及临时封路不纳入本轮；导航几何一致性另检,True,official_place_around_text_parent_matching
BV10914109,红谷中大道,BX10027095,红谷中大道地铁站1号口,150501,115.866867,28.69134,GCJ-02,BV10914109,42.58,True,map_parent_numbered_candidate,excluded_from_scope,False,d5a9672583c3e15ccd82_20261005T165919382911Z;1a584135f7346f922652_20261005T165921165258Z,https://ditu.amap.com/place/BX10027095,2026-10-05T16:59:19.382839+00:00,1,True,True,official_map_parent_number,station_entrance_map_parent_numbered,https://ditu.amap.com/place/BX10027095,2026-10-05,False,门禁及临时封路不纳入本轮；导航几何一致性另检,True,official_place_around_text_parent_matching
BV10914109,红谷中大道,BX10032330,红谷中大道地铁站2号口,150501,115.867749,28.691783,GCJ-02,BV10914109,73.02,True,map_parent_numbered_candidate,excluded_from_scope,False,d5a9672583c3e15ccd82_20261005T165919382911Z;1a584135f7346f922652_20261005T165921165258Z,https://ditu.amap.com/place/BX10032330,2026-10-05T16:59:19.382839+00:00,2,True,True,official_map_parent_number,station_entrance_map_parent_numbered,https://ditu.amap.com/place/BX10032330,2026-10-05,False,门禁及临时封路不纳入本轮；导航几何一致性另检,True,official_place_around_text_parent_matching
BV10914109,红谷中大道,BX10027097,红谷中大道地铁站3号口,150501,115.86737,28.692302,GCJ-02,BV10914109,75.48,True,map_parent_numbered_candidate,excluded_from_scope,False,d5a9672583c3e15ccd82_20261005T165919382911Z;1a584135f7346f922652_20261005T165921165258Z,https://ditu.amap.com/place/BX10027097,2026-10-05T16:59:19.382839+00:00,3,True,True,official_map_parent_number,station_entrance_map_parent_numbered,https://ditu.amap.com/place/BX10027097,2026-10-05,False,门禁及临时封路不纳入本轮；导航几何一致性另检,True,official_place_around_text_parent_matching
BV10914109,红谷中大道,BX10027096,红谷中大道地铁站4号口,150501,115.86623,28.691692,GCJ-02,BV10914109,75.7,True,map_parent_numbered_candidate,excluded_from_scope,False,d5a9672583c3e15ccd82_20261005T165919382911Z;1a584135f7346f922652_20261005T165921165258Z,https://ditu.amap.com/place/BX10027096,2026-10-05T16:59:19.382839+00:00,4,True,True,official_map_parent_number,station_entrance_map_parent_numbered,https://ditu.amap.com/place/BX10027096,2026-10-05,False,门禁及临时封路不纳入本轮；导航几何一致性另检,True,official_place_around_text_parent_matching
BV10914109,红谷中大道,BX09915428,红谷中大道地铁站出入口,150501,115.86722,28.692439,GCJ-02,BV10914109,84.46,True,map_parent_named_entry_candidate,excluded_from_scope,False,d5a9672583c3e15ccd82_20261005T165919382911Z;1a584135f7346f922652_20261005T165921165258Z,https://ditu.amap.com/place/BX09915428,2026-10-05T16:59:19.382839+00:00,出入口,True,True,official_map_parent_explicit_entry_name,station_entrance_map_parent_named_entry,https://ditu.amap.com/place/BX09915428,2026-10-05,False,门禁及临时封路不纳入本轮；导航几何一致性另检,True,official_place_around_text_parent_matching
BV10689048,国威路,BX10031433,国威路地铁站3号口,150501,115.940999,28.687348,GCJ-02,BV10689048,50.43,True,map_parent_numbered_candidate,excluded_from_scope,False,ecc8a79358c5fa188428_20261005T170024099384Z;1df39e71d2381f4452c7_20261005T170025803009Z,https://ditu.amap.com/place/BX10031433,2026-10-05T17:00:24.099291+00:00,3,True,True,official_map_parent_number,station_entrance_map_parent_numbered,https://ditu.amap.com/place/BX10031433,2026-10-05,False,门禁及临时封路不纳入本轮；导航几何一致性另检,True,official_place_around_text_parent_matching
BV10689048,国威路,BX10031434,国威路地铁站1号口,150501,115.942194,28.686978,GCJ-02,BV10689048,73.43,True,map_parent_numbered_candidate,excluded_from_scope,False,ecc8a79358c5fa188428_20261005T170024099384Z;1df39e71d2381f4452c7_20261005T170025803009Z,https://ditu.amap.com/place/BX10031434,2026-10-05T17:00:24.099291+00:00,1,True,True,official_map_parent_number,station_entrance_map_parent_numbered,https://ditu.amap.com/place/BX10031434,2026-10-05,False,门禁及临时封路不纳入本轮；导航几何一致性另检,True,official_place_around_text_parent_matching
BV10689048,国威路,BX10031999,国威路地铁站4号口,150501,115.940468,28.68685,GCJ-02,BV10689048,104.01,True,map_parent_numbered_candidate,excluded_from_scope,False,ecc8a79358c5fa188428_20261005T170024099384Z;1df39e71d2381f4452c7_20261005T170025803009Z,https://ditu.amap.com/place/BX10031999,2026-10-05T17:00:24.099291+00:00,4,True,True,official_map_parent_number,station_entrance_map_parent_numbered,https://ditu.amap.com/place/BX10031999,2026-10-05,False,门禁及临时封路不纳入本轮；导航几何一致性另检,True,official_place_around_text_parent_matching
BV10689047,斗门,BX10031766,斗门地铁站3号口,150501,115.927187,28.529094,GCJ-02,BV10689047,62.33,True,map_parent_numbered_candidate,excluded_from_scope,False,d1d6aeca5f74631ceb93_20261005T170117745500Z;3178c6763d07456ec6b1_20261005T170119420410Z,https://ditu.amap.com/place/BX10031766,2026-10-05T17:01:17.745399+00:00,3,True,True,official_map_parent_number,station_entrance_map_parent_numbered,https://ditu.amap.com/place/BX10031766,2026-10-05,False,门禁及临时封路不纳入本轮；导航几何一致性另检,True,official_place_around_text_parent_matching
BV10689047,斗门,BX10031765,斗门地铁站1号口,150501,115.928699,28.528482,GCJ-02,BV10689047,101.15,True,map_parent_numbered_candidate,excluded_from_scope,False,d1d6aeca5f74631ceb93_20261005T170117745500Z;3178c6763d07456ec6b1_20261005T170119420410Z,https://ditu.amap.com/place/BX10031765,2026-10-05T17:01:17.745399+00:00,1,True,True,official_map_parent_number,station_entrance_map_parent_numbered,https://ditu.amap.com/place/BX10031765,2026-10-05,False,门禁及临时封路不纳入本轮；导航几何一致性另检,True,official_place_around_text_parent_matching
BV10689047,斗门,BX10031767,斗门地铁站4号口,150501,115.927417,28.528037,GCJ-02,BV10689047,105.66,True,map_parent_numbered_candidate,excluded_from_scope,False,d1d6aeca5f74631ceb93_20261005T170117745500Z;3178c6763d07456ec6b1_20261005T170119420410Z,https://ditu.amap.com/place/BX10031767,2026-10-05T17:01:17.745399+00:00,4,True,True,official_map_parent_number,station_entrance_map_parent_numbered,https://ditu.amap.com/place/BX10031767,2026-10-05,False,门禁及临时封路不纳入本轮；导航几何一致性另检,True,official_place_around_text_parent_matching
BV10689047,斗门,BX09914860,斗门地铁站出入口,150501,115.928991,28.52865,GCJ-02,BV10689047,120.74,True,map_parent_named_entry_candidate,excluded_from_scope,False,d1d6aeca5f74631ceb93_20261005T170117745500Z;3178c6763d07456ec6b1_20261005T170119420410Z,https://ditu.amap.com/place/BX09914860,2026-10-05T17:01:17.745399+00:00,出入口,True,True,official_map_parent_explicit_entry_name,station_entrance_map_parent_named_entry,https://ditu.amap.com/place/BX09914860,2026-10-05,False,门禁及临时封路不纳入本轮；导航几何一致性另检,True,official_place_around_text_parent_matching
BV10759632,京家山,BX10031738,京家山地铁站3号口,150501,115.906343,28.639609,GCJ-02,BV10759632,46.54,True,map_parent_numbered_candidate,excluded_from_scope,False,bbd65e7b13465e4da3d8_20261005T170203317926Z;b711d30b944c820ba188_20261005T170204922831Z,https://ditu.amap.com/place/BX10031738,2026-10-05T17:02:03.317866+00:00,3,True,True,official_map_parent_number,station_entrance_map_parent_numbered,https://ditu.amap.com/place/BX10031738,2026-10-05,False,门禁及临时封路不纳入本轮；导航几何一致性另检,True,official_place_around_text_parent_matching
BV10759632,京家山,BX09914856,京家山地铁站4号口,150501,115.905795,28.638663,GCJ-02,BV10759632,93.37,True,map_parent_numbered_candidate,excluded_from_scope,False,bbd65e7b13465e4da3d8_20261005T170203317926Z;b711d30b944c820ba188_20261005T170204922831Z,https://ditu.amap.com/place/BX09914856,2026-10-05T17:02:03.317866+00:00,4,True,True,official_map_parent_number,station_entrance_map_parent_numbered,https://ditu.amap.com/place/BX09914856,2026-10-05,False,门禁及临时封路不纳入本轮；导航几何一致性另检,True,official_place_around_text_parent_matching
BV10759632,京家山,BX10031739,京家山地铁站1号口,150501,115.906961,28.63835,GCJ-02,BV10759632,105.96,True,map_parent_numbered_candidate,excluded_from_scope,False,bbd65e7b13465e4da3d8_20261005T170203317926Z;b711d30b944c820ba188_20261005T170204922831Z,https://ditu.amap.com/place/BX10031739,2026-10-05T17:02:03.317866+00:00,1,True,True,official_map_parent_number,station_entrance_map_parent_numbered,https://ditu.amap.com/place/BX10031739,2026-10-05,False,门禁及临时封路不纳入本轮；导航几何一致性另检,True,official_place_around_text_parent_matching
BV10805450,人民公园,BX09909196,人民公园地铁站4号口,150501,115.911963,28.683401,GCJ-02,BV10805450,77.4,True,map_parent_numbered_candidate,excluded_from_scope,False,6113459350896b4cdcb5_20261005T170252083518Z;1cec8c77cc51d4f3aefa_20261005T170253716147Z,https://ditu.amap.com/place/BX09909196,2026-10-05T17:02:52.083427+00:00,4,True,True,official_map_parent_number,station_entrance_map_parent_numbered,https://ditu.amap.com/place/BX09909196,2026-10-05,False,门禁及临时封路不纳入本轮；导航几何一致性另检,True,official_place_around_text_parent_matching
BV10805450,人民公园,BX09909199,人民公园地铁站3号口,150501,115.911879,28.684757,GCJ-02,BV10805450,93.02,True,map_parent_numbered_candidate,excluded_from_scope,False,6113459350896b4cdcb5_20261005T170252083518Z;1cec8c77cc51d4f3aefa_20261005T170253716147Z,https://ditu.amap.com/place/BX09909199,2026-10-05T17:02:52.083427+00:00,3,True,True,official_map_parent_number,station_entrance_map_parent_numbered,https://ditu.amap.com/place/BX09909199,2026-10-05,False,门禁及临时封路不纳入本轮；导航几何一致性另检,True,official_place_around_text_parent_matching
BV10805450,人民公园,BX09909198,人民公园地铁站2-1口,150501,115.912846,28.684849,GCJ-02,BV10805450,105.22,True,map_parent_numbered_candidate,excluded_from_scope,False,6113459350896b4cdcb5_20261005T170252083518Z;1cec8c77cc51d4f3aefa_20261005T170253716147Z,https://ditu.amap.com/place/BX09909198,2026-10-05T17:02:52.083427+00:00,1,True,True,official_map_parent_number,station_entrance_map_parent_numbered,https://ditu.amap.com/place/BX09909198,2026-10-05,False,门禁及临时封路不纳入本轮；导航几何一致性另检,True,official_place_around_text_parent_matching
BV10805450,人民公园,BX09909197,人民公园地铁站2-2口,150501,115.912558,28.68515,GCJ-02,BV10805450,127.75,True,map_parent_numbered_candidate,excluded_from_scope,False,6113459350896b4cdcb5_20261005T170252083518Z;1cec8c77cc51d4f3aefa_20261005T170253716147Z,https://ditu.amap.com/place/BX09909197,2026-10-05T17:02:52.083427+00:00,2,True,True,official_map_parent_number,station_entrance_map_parent_numbered,https://ditu.amap.com/place/BX09909197,2026-10-05,False,门禁及临时封路不纳入本轮；导航几何一致性另检,True,official_place_around_text_parent_matching
BV10805450,人民公园,BX09909195,人民公园地铁站1号口,150501,115.912672,28.682879,GCJ-02,BV10805450,131.13,True,map_parent_numbered_candidate,excluded_from_scope,False,6113459350896b4cdcb5_20261005T170252083518Z;1cec8c77cc51d4f3aefa_20261005T170253716147Z,https://ditu.amap.com/place/BX09909195,2026-10-05T17:02:52.083427+00:00,1,True,True,official_map_parent_number,station_entrance_map_parent_numbered,https://ditu.amap.com/place/BX09909195,2026-10-05,False,门禁及临时封路不纳入本轮；导航几何一致性另检,True,official_place_around_text_parent_matching
BV10805446,安丰,BX10035161,安丰地铁站3号口,150501,115.809259,28.61119,GCJ-02,BV10805446,35.97,True,map_parent_numbered_candidate,excluded_from_scope,False,fa0b92d1c1e851bfc8e7_20261005T170409004057Z;c04e98757f1ba910d106_20261005T170410593818Z,https://ditu.amap.com/place/BX10035161,2026-10-05T17:04:09.003991+00:00,3,True,True,official_map_parent_number,station_entrance_map_parent_numbered,https://ditu.amap.com/place/BX10035161,2026-10-05,False,门禁及临时封路不纳入本轮；导航几何一致性另检,True,official_place_around_text_parent_matching
BV10805446,安丰,BX10035159,安丰地铁站5号口,150501,115.808648,28.610739,GCJ-02,BV10805446,42.75,True,map_parent_numbered_candidate,excluded_from_scope,False,fa0b92d1c1e851bfc8e7_20261005T170409004057Z;c04e98757f1ba910d106_20261005T170410593818Z,https://ditu.amap.com/place/BX10035159,2026-10-05T17:04:09.003991+00:00,5,True,True,official_map_parent_number,station_entrance_map_parent_numbered,https://ditu.amap.com/place/BX10035159,2026-10-05,False,门禁及临时封路不纳入本轮；导航几何一致性另检,True,official_place_around_text_parent_matching
BV10805446,安丰,BX10035162,安丰地铁站1号口,150501,115.809757,28.609841,GCJ-02,BV10805446,142.53,True,map_parent_numbered_candidate,excluded_from_scope,False,fa0b92d1c1e851bfc8e7_20261005T170409004057Z;c04e98757f1ba910d106_20261005T170410593818Z,https://ditu.amap.com/place/BX10035162,2026-10-05T17:04:09.003991+00:00,1,True,True,official_map_parent_number,station_entrance_map_parent_numbered,https://ditu.amap.com/place/BX10035162,2026-10-05,False,门禁及临时封路不纳入本轮；导航几何一致性另检,True,official_place_around_text_parent_matching
BV10805446,安丰,BX10035160,安丰地铁站2号口,150501,115.810766,28.610485,GCJ-02,BV10805446,178.26,True,map_parent_numbered_candidate,excluded_from_scope,False,fa0b92d1c1e851bfc8e7_20261005T170409004057Z;c04e98757f1ba910d106_20261005T170410593818Z,https://ditu.amap.com/place/BX10035160,2026-10-05T17:04:09.003991+00:00,2,True,True,official_map_parent_number,station_entrance_map_parent_numbered,https://ditu.amap.com/place/BX10035160,2026-10-05,False,门禁及临时封路不纳入本轮；导航几何一致性另检,True,official_place_around_text_parent_matching
BV10805446,安丰,BX10035163,安丰地铁站4号口,150501,115.807497,28.612077,GCJ-02,BV10805446,194.5,True,map_parent_numbered_candidate,excluded_from_scope,False,fa0b92d1c1e851bfc8e7_20261005T170409004057Z;c04e98757f1ba910d106_20261005T170410593818Z,https://ditu.amap.com/place/BX10035163,2026-10-05T17:04:09.003991+00:00,4,True,True,official_map_parent_number,station_entrance_map_parent_numbered,https://ditu.amap.com/place/BX10035163,2026-10-05,False,门禁及临时封路不纳入本轮；导航几何一致性另检,True,official_place_around_text_parent_matching
BV11492868,沈桥,BX09915057,沈桥地铁站2号口,150501,115.972839,28.640916,GCJ-02,BV11492868,88.89,True,map_parent_numbered_candidate,excluded_from_scope,False,52a495b3e373277f1818_20261005T170519218389Z;e12f9e5480e261af9175_20261005T170521075016Z,https://ditu.amap.com/place/BX09915057,2026-10-05T17:05:19.218306+00:00,2,True,True,official_map_parent_number,station_entrance_map_parent_numbered,https://ditu.amap.com/place/BX09915057,2026-10-05,False,门禁及临时封路不纳入本轮；导航几何一致性另检,True,official_place_around_text_parent_matching
BV11492868,沈桥,BX09915056,沈桥地铁站3号口,150501,115.971248,28.641847,GCJ-02,BV11492868,127.88,True,map_parent_numbered_candidate,excluded_from_scope,False,52a495b3e373277f1818_20261005T170519218389Z;e12f9e5480e261af9175_20261005T170521075016Z,https://ditu.amap.com/place/BX09915056,2026-10-05T17:05:19.218306+00:00,3,True,True,official_map_parent_number,station_entrance_map_parent_numbered,https://ditu.amap.com/place/BX09915056,2026-10-05,False,门禁及临时封路不纳入本轮；导航几何一致性另检,True,official_place_around_text_parent_matching
BV11492868,沈桥,BX09915055,沈桥地铁站4号口,150501,115.970649,28.64066,GCJ-02,BV11492868,127.07,True,map_parent_numbered_candidate,excluded_from_scope,False,52a495b3e373277f1818_20261005T170519218389Z;e12f9e5480e261af9175_20261005T170521075016Z,https://ditu.amap.com/place/BX09915055,2026-10-05T17:05:19.218306+00:00,4,True,True,official_map_parent_number,station_entrance_map_parent_numbered,https://ditu.amap.com/place/BX09915055,2026-10-05,False,门禁及临时封路不纳入本轮；导航几何一致性另检,True,official_place_around_text_parent_matching
BV10805456,北沥,BX10035285,北沥地铁站4号口,150501,115.972701,28.715879,GCJ-02,BV10805456,49.96,True,map_parent_numbered_candidate,excluded_from_scope,False,4221dcd32e32d195eb44_20261005T170601016788Z;8cfe530984d2219bdc20_20261005T170602621470Z,https://ditu.amap.com/place/BX10035285,2026-10-05T17:06:01.016699+00:00,4,True,True,official_map_parent_number,station_entrance_map_parent_numbered,https://ditu.amap.com/place/BX10035285,2026-10-05,False,门禁及临时封路不纳入本轮；导航几何一致性另检,True,official_place_around_text_parent_matching
BV10805456,北沥,BX10035284,北沥地铁站1号口,150501,115.972734,28.714968,GCJ-02,BV10805456,58.07,True,map_parent_numbered_candidate,excluded_from_scope,False,4221dcd32e32d195eb44_20261005T170601016788Z;8cfe530984d2219bdc20_20261005T170602621470Z,https://ditu.amap.com/place/BX10035284,2026-10-05T17:06:01.016699+00:00,1,True,True,official_map_parent_number,station_entrance_map_parent_numbered,https://ditu.amap.com/place/BX10035284,2026-10-05,False,门禁及临时封路不纳入本轮；导航几何一致性另检,True,official_place_around_text_parent_matching
BV10805456,北沥,BX10035281,北沥地铁站3号口,150501,115.973435,28.715943,GCJ-02,BV10805456,103.9,True,map_parent_numbered_candidate,excluded_from_scope,False,4221dcd32e32d195eb44_20261005T170601016788Z;8cfe530984d2219bdc20_20261005T170602621470Z,https://ditu.amap.com/place/BX10035281,2026-10-05T17:06:01.016699+00:00,3,True,True,official_map_parent_number,station_entrance_map_parent_numbered,https://ditu.amap.com/place/BX10035281,2026-10-05,False,门禁及临时封路不纳入本轮；导航几何一致性另检,True,official_place_around_text_parent_matching
BV10805456,北沥,BX10035282,北沥地铁站2号口,150501,115.973434,28.714849,GCJ-02,BV10805456,111.48,True,map_parent_numbered_candidate,excluded_from_scope,False,4221dcd32e32d195eb44_20261005T170601016788Z;8cfe530984d2219bdc20_20261005T170602621470Z,https://ditu.amap.com/place/BX10035282,2026-10-05T17:06:01.016699+00:00,2,True,True,official_map_parent_number,station_entrance_map_parent_numbered,https://ditu.amap.com/place/BX10035282,2026-10-05,False,门禁及临时封路不纳入本轮；导航几何一致性另检,True,official_place_around_text_parent_matching
BV10805456,北沥,BX10035283,北沥地铁站5号口,150501,115.971178,28.715665,GCJ-02,BV10805456,133.38,True,map_parent_numbered_candidate,excluded_from_scope,False,4221dcd32e32d195eb44_20261005T170601016788Z;8cfe530984d2219bdc20_20261005T170602621470Z,https://ditu.amap.com/place/BX10035283,2026-10-05T17:06:01.016699+00:00,5,True,True,official_map_parent_number,station_entrance_map_parent_numbered,https://ditu.amap.com/place/BX10035283,2026-10-05,False,门禁及临时封路不纳入本轮；导航几何一致性另检,True,official_place_around_text_parent_matching
BV10805440,丁家洲,BX10035167,丁家洲地铁站1号口,150501,115.857245,28.6231,GCJ-02,BV10805440,72.36,True,map_parent_numbered_candidate,excluded_from_scope,False,c20660f37fb11bb50dfe_20261005T170708192482Z;30001b5caf40c5b002b9_20261005T170709783624Z,https://ditu.amap.com/place/BX10035167,2026-10-05T17:07:08.192393+00:00,1,True,True,official_map_parent_number,station_entrance_map_parent_numbered,https://ditu.amap.com/place/BX10035167,2026-10-05,False,门禁及临时封路不纳入本轮；导航几何一致性另检,True,official_place_around_text_parent_matching
BV10805440,丁家洲,BX10035166,丁家洲地铁站4号口,150501,115.856663,28.621975,GCJ-02,BV10805440,74.67,True,map_parent_numbered_candidate,excluded_from_scope,False,c20660f37fb11bb50dfe_20261005T170708192482Z;30001b5caf40c5b002b9_20261005T170709783624Z,https://ditu.amap.com/place/BX10035166,2026-10-05T17:07:08.192393+00:00,4,True,True,official_map_parent_number,station_entrance_map_parent_numbered,https://ditu.amap.com/place/BX10035166,2026-10-05,False,门禁及临时封路不纳入本轮；导航几何一致性另检,True,official_place_around_text_parent_matching
BV10805440,丁家洲,BX10035164,丁家洲地铁站3号口,150501,115.856168,28.62214,GCJ-02,BV10805440,77.48,True,map_parent_numbered_candidate,excluded_from_scope,False,c20660f37fb11bb50dfe_20261005T170708192482Z;30001b5caf40c5b002b9_20261005T170709783624Z,https://ditu.amap.com/place/BX10035164,2026-10-05T17:07:08.192393+00:00,3,True,True,official_map_parent_number,station_entrance_map_parent_numbered,https://ditu.amap.com/place/BX10035164,2026-10-05,False,门禁及临时封路不纳入本轮；导航几何一致性另检,True,official_place_around_text_parent_matching
BV10805440,丁家洲,BX10035165,丁家洲地铁站2号口,150501,115.856831,28.623351,GCJ-02,BV10805440,79.32,True,map_parent_numbered_candidate,excluded_from_scope,False,c20660f37fb11bb50dfe_20261005T170708192482Z;30001b5caf40c5b002b9_20261005T170709783624Z,https://ditu.amap.com/place/BX10035165,2026-10-05T17:07:08.192393+00:00,2,True,True,official_map_parent_number,station_entrance_map_parent_numbered,https://ditu.amap.com/place/BX10035165,2026-10-05,False,门禁及临时封路不纳入本轮；导航几何一致性另检,True,official_place_around_text_parent_matching
BV10805454,灌婴路,BX10035171,灌婴路地铁站2号口,150501,115.873354,28.648641,GCJ-02,BV10805454,85.91,True,map_parent_numbered_candidate,excluded_from_scope,False,3f656152ff4b0d9192ba_20261005T170759952284Z;e8015c8d43710e3cefd9_20261005T170801576599Z,https://ditu.amap.com/place/BX10035171,2026-10-05T17:07:59.952220+00:00,2,True,True,official_map_parent_number,station_entrance_map_parent_numbered,https://ditu.amap.com/place/BX10035171,2026-10-05,False,门禁及临时封路不纳入本轮；导航几何一致性另检,True,official_place_around_text_parent_matching
BV10805454,灌婴路,BX10035173,灌婴路地铁站3号口,150501,115.872964,28.648886,GCJ-02,BV10805454,95.67,True,map_parent_numbered_candidate,excluded_from_scope,False,3f656152ff4b0d9192ba_20261005T170759952284Z;e8015c8d43710e3cefd9_20261005T170801576599Z,https://ditu.amap.com/place/BX10035173,2026-10-05T17:07:59.952220+00:00,3,True,True,official_map_parent_number,station_entrance_map_parent_numbered,https://ditu.amap.com/place/BX10035173,2026-10-05,False,门禁及临时封路不纳入本轮；导航几何一致性另检,True,official_place_around_text_parent_matching
BV10805454,灌婴路,BX10035172,灌婴路地铁站1号口,150501,115.873381,28.647207,GCJ-02,BV10805454,108.06,True,map_parent_numbered_candidate,excluded_from_scope,False,3f656152ff4b0d9192ba_20261005T170759952284Z;e8015c8d43710e3cefd9_20261005T170801576599Z,https://ditu.amap.com/place/BX10035172,2026-10-05T17:07:59.952220+00:00,1,True,True,official_map_parent_number,station_entrance_map_parent_numbered,https://ditu.amap.com/place/BX10035172,2026-10-05,False,门禁及临时封路不纳入本轮；导航几何一致性另检,True,official_place_around_text_parent_matching
BV10914108,顺外,BX10027084,顺外地铁站4号口,150501,115.927366,28.66336,GCJ-02,BV10914108,82.22,True,map_parent_numbered_candidate,excluded_from_scope,False,a9788d44cf7e67991284_20261005T170841560036Z;2580bee780131d74d32f_20261005T170843184014Z,https://ditu.amap.com/place/BX10027084,2026-10-05T17:08:41.559960+00:00,4,True,True,official_map_parent_number,station_entrance_map_parent_numbered,https://ditu.amap.com/place/BX10027084,2026-10-05,False,门禁及临时封路不纳入本轮；导航几何一致性另检,True,official_place_around_text_parent_matching
BV10914108,顺外,BX10027083,顺外地铁站1号口,150501,115.929016,28.6634,GCJ-02,BV10914108,92.55,True,map_parent_numbered_candidate,excluded_from_scope,False,a9788d44cf7e67991284_20261005T170841560036Z;2580bee780131d74d32f_20261005T170843184014Z,https://ditu.amap.com/place/BX10027083,2026-10-05T17:08:41.559960+00:00,1,True,True,official_map_parent_number,station_entrance_map_parent_numbered,https://ditu.amap.com/place/BX10027083,2026-10-05,False,门禁及临时封路不纳入本轮；导航几何一致性另检,True,official_place_around_text_parent_matching
BV10689046,京东大道,BX10031432,京东大道地铁站3号口,150501,115.972657,28.692731,GCJ-02,BV10689046,35.51,True,map_parent_numbered_candidate,excluded_from_scope,False,7cd6db01257dc6ccc3ff_20261005T170923985134Z;e1a5f8ced485bd85f2dd_20261005T170925787146Z,https://ditu.amap.com/place/BX10031432,2026-10-05T17:09:23.985076+00:00,3,True,True,official_map_parent_number,station_entrance_map_parent_numbered,https://ditu.amap.com/place/BX10031432,2026-10-05,False,门禁及临时封路不纳入本轮；导航几何一致性另检,True,official_place_around_text_parent_matching
BV10689046,京东大道,BX10031431,京东大道地铁站1-1号口,150501,115.97263,28.691916,GCJ-02,BV10689046,60.28,True,map_parent_numbered_candidate,excluded_from_scope,False,7cd6db01257dc6ccc3ff_20261005T170923985134Z;e1a5f8ced485bd85f2dd_20261005T170925787146Z,https://ditu.amap.com/place/BX10031431,2026-10-05T17:09:23.985076+00:00,1,True,True,official_map_parent_number,station_entrance_map_parent_numbered,https://ditu.amap.com/place/BX10031431,2026-10-05,False,门禁及临时封路不纳入本轮；导航几何一致性另检,True,official_place_around_text_parent_matching
BV10689046,京东大道,BX10031948,京东大道地铁站1-2号口,150501,115.973184,28.691856,GCJ-02,BV10689046,93.84,True,map_parent_numbered_candidate,excluded_from_scope,False,7cd6db01257dc6ccc3ff_20261005T170923985134Z;e1a5f8ced485bd85f2dd_20261005T170925787146Z,https://ditu.amap.com/place/BX10031948,2026-10-05T17:09:23.985076+00:00,2,True,True,official_map_parent_number,station_entrance_map_parent_numbered,https://ditu.amap.com/place/BX10031948,2026-10-05,False,门禁及临时封路不纳入本轮；导航几何一致性另检,True,official_place_around_text_parent_matching
BV10689046,京东大道,BX10031429,京东大道地铁站5号口,150501,115.971245,28.691853,GCJ-02,BV10689046,138.56,True,map_parent_numbered_candidate,excluded_from_scope,False,7cd6db01257dc6ccc3ff_20261005T170923985134Z;e1a5f8ced485bd85f2dd_20261005T170925787146Z,https://ditu.amap.com/place/BX10031429,2026-10-05T17:09:23.985076+00:00,5,True,True,official_map_parent_number,station_entrance_map_parent_numbered,https://ditu.amap.com/place/BX10031429,2026-10-05,False,门禁及临时封路不纳入本轮；导航几何一致性另检,True,official_place_around_text_parent_matching
BV10689046,京东大道,BX10031430,京东大道地铁站2号口,150501,115.973798,28.693009,GCJ-02,BV10689046,141.73,True,map_parent_numbered_candidate,excluded_from_scope,False,7cd6db01257dc6ccc3ff_20261005T170923985134Z;e1a5f8ced485bd85f2dd_20261005T170925787146Z,https://ditu.amap.com/place/BX10031430,2026-10-05T17:09:23.985076+00:00,2,True,True,official_map_parent_number,station_entrance_map_parent_numbered,https://ditu.amap.com/place/BX10031430,2026-10-05,False,门禁及临时封路不纳入本轮；导航几何一致性另检,True,official_place_around_text_parent_matching
BV10689058,梁万,BX10031949,梁万地铁站4号口,150501,115.960163,28.689405,GCJ-02,BV10689058,98.7,True,map_parent_numbered_candidate,excluded_from_scope,False,96ba15eb3eee04a31cd6_20261005T171043226471Z;5ff82a9d5122fe11af63_20261005T171044892500Z,https://ditu.amap.com/place/BX10031949,2026-10-05T17:10:43.226253+00:00,4,True,True,official_map_parent_number,station_entrance_map_parent_numbered,https://ditu.amap.com/place/BX10031949,2026-10-05,False,门禁及临时封路不纳入本轮；导航几何一致性另检,True,official_place_around_text_parent_matching
BV10689058,梁万,BX10031439,梁万地铁站3号口,150501,115.959108,28.690298,GCJ-02,BV10689058,121.37,True,map_parent_numbered_candidate,excluded_from_scope,False,96ba15eb3eee04a31cd6_20261005T171043226471Z;5ff82a9d5122fe11af63_20261005T171044892500Z,https://ditu.amap.com/place/BX10031439,2026-10-05T17:10:43.226253+00:00,3,True,True,official_map_parent_number,station_entrance_map_parent_numbered,https://ditu.amap.com/place/BX10031439,2026-10-05,False,门禁及临时封路不纳入本轮；导航几何一致性另检,True,official_place_around_text_parent_matching
BV10689058,梁万,BX10031438,梁万地铁站2号口,150501,115.96151,28.690736,GCJ-02,BV10689058,123.95,True,map_parent_numbered_candidate,excluded_from_scope,False,96ba15eb3eee04a31cd6_20261005T171043226471Z;5ff82a9d5122fe11af63_20261005T171044892500Z,https://ditu.amap.com/place/BX10031438,2026-10-05T17:10:43.226253+00:00,2,True,True,official_map_parent_number,station_entrance_map_parent_numbered,https://ditu.amap.com/place/BX10031438,2026-10-05,False,门禁及临时封路不纳入本轮；导航几何一致性另检,True,official_place_around_text_parent_matching
BV10689058,梁万,BX10031950,梁万地铁站1号口,150501,115.961604,28.690076,GCJ-02,BV10689058,124.15,True,map_parent_numbered_candidate,excluded_from_scope,False,96ba15eb3eee04a31cd6_20261005T171043226471Z;5ff82a9d5122fe11af63_20261005T171044892500Z,https://ditu.amap.com/place/BX10031950,2026-10-05T17:10:43.226253+00:00,1,True,True,official_map_parent_number,station_entrance_map_parent_numbered,https://ditu.amap.com/place/BX10031950,2026-10-05,False,门禁及临时封路不纳入本轮；导航几何一致性另检,True,official_place_around_text_parent_matching
BV10689044,施尧,BX09914852,施尧地铁站1号口,150501,115.908221,28.614489,GCJ-02,BV10689044,85.44,True,map_parent_numbered_candidate,excluded_from_scope,False,f88bb32665c29c804920_20261005T171151125535Z;5cebd15639adfb2df882_20261005T171152756537Z,https://ditu.amap.com/place/BX09914852,2026-10-05T17:11:51.125475+00:00,1,True,True,official_map_parent_number,station_entrance_map_parent_numbered,https://ditu.amap.com/place/BX09914852,2026-10-05,False,门禁及临时封路不纳入本轮；导航几何一致性另检,True,official_place_around_text_parent_matching
BV10689044,施尧,BX10031733,施尧地铁站3号口,150501,115.907529,28.615999,GCJ-02,BV10689044,95.88,True,map_parent_numbered_candidate,excluded_from_scope,False,f88bb32665c29c804920_20261005T171151125535Z;5cebd15639adfb2df882_20261005T171152756537Z,https://ditu.amap.com/place/BX10031733,2026-10-05T17:11:51.125475+00:00,3,True,True,official_map_parent_number,station_entrance_map_parent_numbered,https://ditu.amap.com/place/BX10031733,2026-10-05,False,门禁及临时封路不纳入本轮；导航几何一致性另检,True,official_place_around_text_parent_matching
BV10689044,施尧,BX10031732,施尧地铁站2号口,150501,115.908232,28.61601,GCJ-02,BV10689044,99.59,True,map_parent_numbered_candidate,excluded_from_scope,False,f88bb32665c29c804920_20261005T171151125535Z;5cebd15639adfb2df882_20261005T171152756537Z,https://ditu.amap.com/place/BX10031732,2026-10-05T17:11:51.125475+00:00,2,True,True,official_map_parent_number,station_entrance_map_parent_numbered,https://ditu.amap.com/place/BX10031732,2026-10-05,False,门禁及临时封路不纳入本轮；导航几何一致性另检,True,official_place_around_text_parent_matching
BV09322212,汇贤大道,BX09914977,汇贤大道地铁站1号口,150501,115.882271,28.805653,GCJ-02,BV09322212,77.31,True,map_parent_numbered_candidate,excluded_from_scope,False,283ea21b75377e5c5e3e_20261005T171239734662Z;acad4c081510694a6f33_20261005T171241430246Z,https://ditu.amap.com/place/BX09914977,2026-10-05T17:12:39.734574+00:00,1,True,True,official_map_parent_number,station_entrance_map_parent_numbered,https://ditu.amap.com/place/BX09914977,2026-10-05,False,门禁及临时封路不纳入本轮；导航几何一致性另检,True,official_place_around_text_parent_matching
BV09322212,汇贤大道,BX09914976,汇贤大道地铁站2号口,150501,115.881666,28.807002,GCJ-02,BV09322212,83.94,True,map_parent_numbered_candidate,excluded_from_scope,False,283ea21b75377e5c5e3e_20261005T171239734662Z;acad4c081510694a6f33_20261005T171241430246Z,https://ditu.amap.com/place/BX09914976,2026-10-05T17:12:39.734574+00:00,2,True,True,official_map_parent_number,station_entrance_map_parent_numbered,https://ditu.amap.com/place/BX09914976,2026-10-05,False,门禁及临时封路不纳入本轮；导航几何一致性另检,True,official_place_around_text_parent_matching
BV10274114,彭家桥,BX09909228,彭家桥地铁站2号口,150501,115.93355,28.674507,GCJ-02,BV10274114,33.66,True,map_parent_numbered_candidate,excluded_from_scope,False,844b6814556048b2241b_20261005T171253571418Z;1fe5c7d1b2a9ee96fdb9_20261005T171255259279Z,https://ditu.amap.com/place/BX09909228,2026-10-05T17:12:53.571335+00:00,2,True,True,official_map_parent_number,station_entrance_map_parent_numbered,https://ditu.amap.com/place/BX09909228,2026-10-05,False,门禁及临时封路不纳入本轮；导航几何一致性另检,True,official_place_around_text_parent_matching
BV10274114,彭家桥,BX09909229,彭家桥地铁站5号口,150501,115.933836,28.673879,GCJ-02,BV10274114,56.15,True,map_parent_numbered_candidate,excluded_from_scope,False,844b6814556048b2241b_20261005T171253571418Z;1fe5c7d1b2a9ee96fdb9_20261005T171255259279Z,https://ditu.amap.com/place/BX09909229,2026-10-05T17:12:53.571335+00:00,5,True,True,official_map_parent_number,station_entrance_map_parent_numbered,https://ditu.amap.com/place/BX09909229,2026-10-05,False,门禁及临时封路不纳入本轮；导航几何一致性另检,True,official_place_around_text_parent_matching
BV10274114,彭家桥,BX09909230,彭家桥地铁站4号口,150501,115.93277,28.67388,GCJ-02,BV10274114,74.15,True,map_parent_numbered_candidate,excluded_from_scope,False,844b6814556048b2241b_20261005T171253571418Z;1fe5c7d1b2a9ee96fdb9_20261005T171255259279Z,https://ditu.amap.com/place/BX09909230,2026-10-05T17:12:53.571335+00:00,4,True,True,official_map_parent_number,station_entrance_map_parent_numbered,https://ditu.amap.com/place/BX09909230,2026-10-05,False,门禁及临时封路不纳入本轮；导航几何一致性另检,True,official_place_around_text_parent_matching
BV10273008,绿茵路,BX10020288,绿茵路地铁站1号口,150501,115.858396,28.697104,GCJ-02,BV10273008,63.12,True,map_parent_numbered_candidate,excluded_from_scope,False,b0bf63f7fc7e0ac5cc30_20261005T171345339725Z;7885dcdeaba826353858_20261005T171347013837Z,https://ditu.amap.com/place/BX10020288,2026-10-05T17:13:45.339648+00:00,1,True,True,official_map_parent_number,station_entrance_map_parent_numbered,https://ditu.amap.com/place/BX10020288,2026-10-05,False,门禁及临时封路不纳入本轮；导航几何一致性另检,True,official_place_around_text_parent_matching
BV10273008,绿茵路,BX10020287,绿茵路地铁站2号口,150501,115.857798,28.698197,GCJ-02,BV10273008,72.35,True,map_parent_numbered_candidate,excluded_from_scope,False,b0bf63f7fc7e0ac5cc30_20261005T171345339725Z;7885dcdeaba826353858_20261005T171347013837Z,https://ditu.amap.com/place/BX10020287,2026-10-05T17:13:45.339648+00:00,2,True,True,official_map_parent_number,station_entrance_map_parent_numbered,https://ditu.amap.com/place/BX10020287,2026-10-05,False,门禁及临时封路不纳入本轮；导航几何一致性另检,True,official_place_around_text_parent_matching
BV10273008,绿茵路,BX10020289,绿茵路地铁站4号口,150501,115.857712,28.696969,GCJ-02,BV10273008,76.47,True,map_parent_numbered_candidate,excluded_from_scope,False,b0bf63f7fc7e0ac5cc30_20261005T171345339725Z;7885dcdeaba826353858_20261005T171347013837Z,https://ditu.amap.com/place/BX10020289,2026-10-05T17:13:45.339648+00:00,4,True,True,official_map_parent_number,station_entrance_map_parent_numbered,https://ditu.amap.com/place/BX10020289,2026-10-05,False,门禁及临时封路不纳入本轮；导航几何一致性另检,True,official_place_around_text_parent_matching
BV10273008,绿茵路,BX10020290,绿茵路地铁站3号口,150501,115.857105,28.697356,GCJ-02,BV10273008,96.25,True,map_parent_numbered_candidate,excluded_from_scope,False,b0bf63f7fc7e0ac5cc30_20261005T171345339725Z;7885dcdeaba826353858_20261005T171347013837Z,https://ditu.amap.com/place/BX10020290,2026-10-05T17:13:45.339648+00:00,3,True,True,official_map_parent_number,station_entrance_map_parent_numbered,https://ditu.amap.com/place/BX10020290,2026-10-05,False,门禁及临时封路不纳入本轮；导航几何一致性另检,True,official_place_around_text_parent_matching
BV10914106,福州路,BX10027196,福州路地铁站1号口,150501,115.903547,28.680854,GCJ-02,BV10914106,34.84,True,map_parent_numbered_candidate,excluded_from_scope,False,456f35c59cb27a3c972b_20261005T171440670262Z;dfb7e2bdc5c4e1fac031_20261005T171442361378Z,https://ditu.amap.com/place/BX10027196,2026-10-05T17:14:40.670164+00:00,1,True,True,official_map_parent_number,station_entrance_map_parent_numbered,https://ditu.amap.com/place/BX10027196,2026-10-05,False,门禁及临时封路不纳入本轮；导航几何一致性另检,True,official_place_around_text_parent_matching
BV10914106,福州路,BX10027194,福州路地铁站6号口,150501,115.902887,28.680066,GCJ-02,BV10914106,74.85,True,map_parent_numbered_candidate,excluded_from_scope,False,456f35c59cb27a3c972b_20261005T171440670262Z;dfb7e2bdc5c4e1fac031_20261005T171442361378Z,https://ditu.amap.com/place/BX10027194,2026-10-05T17:14:40.670164+00:00,6,True,True,official_map_parent_number,station_entrance_map_parent_numbered,https://ditu.amap.com/place/BX10027194,2026-10-05,False,门禁及临时封路不纳入本轮；导航几何一致性另检,True,official_place_around_text_parent_matching
BV10914106,福州路,BX10027195,福州路地铁站4号口,150501,115.902772,28.681514,GCJ-02,BV10914106,109.07,True,map_parent_numbered_candidate,excluded_from_scope,False,456f35c59cb27a3c972b_20261005T171440670262Z;dfb7e2bdc5c4e1fac031_20261005T171442361378Z,https://ditu.amap.com/place/BX10027195,2026-10-05T17:14:40.670164+00:00,4,True,True,official_map_parent_number,station_entrance_map_parent_numbered,https://ditu.amap.com/place/BX10027195,2026-10-05,False,门禁及临时封路不纳入本轮；导航几何一致性另检,True,official_place_around_text_parent_matching
BV11492865,楞上,BX09915060,楞上地铁站2号口,150501,115.943509,28.650811,GCJ-02,BV11492865,67.28,True,map_parent_numbered_candidate,excluded_from_scope,False,40874c53d38af05fda60_20261005T171536503889Z;1faeed1fef7e7998b7bc_20261005T171538212784Z,https://ditu.amap.com/place/BX09915060,2026-10-05T17:15:36.503795+00:00,2,True,True,official_map_parent_number,station_entrance_map_parent_numbered,https://ditu.amap.com/place/BX09915060,2026-10-05,False,门禁及临时封路不纳入本轮；导航几何一致性另检,True,official_place_around_text_parent_matching
BV11492865,楞上,BX09915058,楞上地铁站1号口,150501,115.943344,28.650226,GCJ-02,BV11492865,72.77,True,map_parent_numbered_candidate,excluded_from_scope,False,40874c53d38af05fda60_20261005T171536503889Z;1faeed1fef7e7998b7bc_20261005T171538212784Z,https://ditu.amap.com/place/BX09915058,2026-10-05T17:15:36.503795+00:00,1,True,True,official_map_parent_number,station_entrance_map_parent_numbered,https://ditu.amap.com/place/BX09915058,2026-10-05,False,门禁及临时封路不纳入本轮；导航几何一致性另检,True,official_place_around_text_parent_matching
BV11492865,楞上,BX09915059,楞上地铁站4号口,150501,115.941903,28.650851,GCJ-02,BV11492865,92.08,True,map_parent_numbered_candidate,excluded_from_scope,False,40874c53d38af05fda60_20261005T171536503889Z;1faeed1fef7e7998b7bc_20261005T171538212784Z,https://ditu.amap.com/place/BX09915059,2026-10-05T17:15:36.503795+00:00,4,True,True,official_map_parent_number,station_entrance_map_parent_numbered,https://ditu.amap.com/place/BX09915059,2026-10-05,False,门禁及临时封路不纳入本轮；导航几何一致性另检,True,official_place_around_text_parent_matching
BV11492865,楞上,BX09915061,楞上地铁站3号口,150501,115.942261,28.651439,GCJ-02,BV11492865,99.14,True,map_parent_numbered_candidate,excluded_from_scope,False,40874c53d38af05fda60_20261005T171536503889Z;1faeed1fef7e7998b7bc_20261005T171538212784Z,https://ditu.amap.com/place/BX09915061,2026-10-05T17:15:36.503795+00:00,3,True,True,official_map_parent_number,station_entrance_map_parent_numbered,https://ditu.amap.com/place/BX09915061,2026-10-05,False,门禁及临时封路不纳入本轮；导航几何一致性另检,True,official_place_around_text_parent_matching
BV10767719,九龙湖南,BX10023329,九龙湖南地铁站1号口,150501,115.793543,28.579171,GCJ-02,BV10767719,60.52,True,map_parent_numbered_candidate,excluded_from_scope,False,72fa535cecfa18906cc2_20261005T171646436227Z;686d4585fbb12c2bcae0_20261005T171648077123Z,https://ditu.amap.com/place/BX10023329,2026-10-05T17:16:46.436095+00:00,1,True,True,official_map_parent_number,station_entrance_map_parent_numbered,https://ditu.amap.com/place/BX10023329,2026-10-05,False,门禁及临时封路不纳入本轮；导航几何一致性另检,True,official_place_around_text_parent_matching
BV10767719,九龙湖南,BX10023328,九龙湖南地铁站4号口,150501,115.792852,28.579313,GCJ-02,BV10767719,69.79,True,map_parent_numbered_candidate,excluded_from_scope,False,72fa535cecfa18906cc2_20261005T171646436227Z;686d4585fbb12c2bcae0_20261005T171648077123Z,https://ditu.amap.com/place/BX10023328,2026-10-05T17:16:46.436095+00:00,4,True,True,official_map_parent_number,station_entrance_map_parent_numbered,https://ditu.amap.com/place/BX10023328,2026-10-05,False,门禁及临时封路不纳入本轮；导航几何一致性另检,True,official_place_around_text_parent_matching
BV10767719,九龙湖南,BX10023331,九龙湖南地铁站2号口,150501,115.794166,28.580028,GCJ-02,BV10767719,82.02,True,map_parent_numbered_candidate,excluded_from_scope,False,72fa535cecfa18906cc2_20261005T171646436227Z;686d4585fbb12c2bcae0_20261005T171648077123Z,https://ditu.amap.com/place/BX10023331,2026-10-05T17:16:46.436095+00:00,2,True,True,official_map_parent_number,station_entrance_map_parent_numbered,https://ditu.amap.com/place/BX10023331,2026-10-05,False,门禁及临时封路不纳入本轮；导航几何一致性另检,True,official_place_around_text_parent_matching
BV10767719,九龙湖南,BX10023330,九龙湖南地铁站3号口,150501,115.792927,28.580343,GCJ-02,BV10767719,85.48,True,map_parent_numbered_candidate,excluded_from_scope,False,72fa535cecfa18906cc2_20261005T171646436227Z;686d4585fbb12c2bcae0_20261005T171648077123Z,https://ditu.amap.com/place/BX10023330,2026-10-05T17:16:46.436095+00:00,3,True,True,official_map_parent_number,station_entrance_map_parent_numbered,https://ditu.amap.com/place/BX10023330,2026-10-05,False,门禁及临时封路不纳入本轮；导航几何一致性另检,True,official_place_around_text_parent_matching
BV10767719,九龙湖南,BX09915427,九龙湖南地铁站4通道口,150501,115.792513,28.579692,GCJ-02,BV10767719,87.79,True,map_parent_numbered_candidate,excluded_from_scope,False,72fa535cecfa18906cc2_20261005T171646436227Z;686d4585fbb12c2bcae0_20261005T171648077123Z,https://ditu.amap.com/place/BX09915427,2026-10-05T17:16:46.436095+00:00,,True,True,official_map_parent_number,unclassified_access_requires_check,https://ditu.amap.com/place/BX09915427,2026-10-05,False,门禁及临时封路不纳入本轮；导航几何一致性另检,False,official_place_around_text_parent_matching
BV10689050,邓埠,BX10031762,邓埠地铁站1号口,150501,115.910368,28.589139,GCJ-02,BV10689050,75.66,True,map_parent_numbered_candidate,excluded_from_scope,False,1bc03f721387fa461cfe_20261005T171758577890Z;3d5f783da0374a370595_20261005T171800234155Z,https://ditu.amap.com/place/BX10031762,2026-10-05T17:17:58.577811+00:00,1,True,True,official_map_parent_number,station_entrance_map_parent_numbered,https://ditu.amap.com/place/BX10031762,2026-10-05,False,门禁及临时封路不纳入本轮；导航几何一致性另检,True,official_place_around_text_parent_matching
BV10689050,邓埠,BX10031764,邓埠地铁站4号口,150501,115.909773,28.588962,GCJ-02,BV10689050,78.31,True,map_parent_numbered_candidate,excluded_from_scope,False,1bc03f721387fa461cfe_20261005T171758577890Z;3d5f783da0374a370595_20261005T171800234155Z,https://ditu.amap.com/place/BX10031764,2026-10-05T17:17:58.577811+00:00,4,True,True,official_map_parent_number,station_entrance_map_parent_numbered,https://ditu.amap.com/place/BX10031764,2026-10-05,False,门禁及临时封路不纳入本轮；导航几何一致性另检,True,official_place_around_text_parent_matching
BV10689050,邓埠,BX10031763,邓埠地铁站3号口,150501,115.909298,28.59035,GCJ-02,BV10689050,94.87,True,map_parent_numbered_candidate,excluded_from_scope,False,1bc03f721387fa461cfe_20261005T171758577890Z;3d5f783da0374a370595_20261005T171800234155Z,https://ditu.amap.com/place/BX10031763,2026-10-05T17:17:58.577811+00:00,3,True,True,official_map_parent_number,station_entrance_map_parent_numbered,https://ditu.amap.com/place/BX10031763,2026-10-05,False,门禁及临时封路不纳入本轮；导航几何一致性另检,True,official_place_around_text_parent_matching
BV10767722,生米,BX10023362,生米地铁站1号口,150501,115.791189,28.571289,GCJ-02,BV10767722,69.14,True,map_parent_numbered_candidate,excluded_from_scope,False,5e26c8d24d14927844ba_20261005T171851889070Z;9b648ec6376fdcf5990d_20261005T171853612002Z,https://ditu.amap.com/place/BX10023362,2026-10-05T17:18:51.888991+00:00,1,True,True,official_map_parent_number,station_entrance_map_parent_numbered,https://ditu.amap.com/place/BX10023362,2026-10-05,False,门禁及临时封路不纳入本轮；导航几何一致性另检,True,official_place_around_text_parent_matching
BV10767722,生米,BX10023361,生米地铁站4号口,150501,115.790414,28.57129,GCJ-02,BV10767722,73.45,True,map_parent_numbered_candidate,excluded_from_scope,False,5e26c8d24d14927844ba_20261005T171851889070Z;9b648ec6376fdcf5990d_20261005T171853612002Z,https://ditu.amap.com/place/BX10023361,2026-10-05T17:18:51.888991+00:00,4,True,True,official_map_parent_number,station_entrance_map_parent_numbered,https://ditu.amap.com/place/BX10023361,2026-10-05,False,门禁及临时封路不纳入本轮；导航几何一致性另检,True,official_place_around_text_parent_matching
BV10767722,生米,BX10023360,生米地铁站3号口,150501,115.790666,28.572484,GCJ-02,BV10767722,74.55,True,map_parent_numbered_candidate,excluded_from_scope,False,5e26c8d24d14927844ba_20261005T171851889070Z;9b648ec6376fdcf5990d_20261005T171853612002Z,https://ditu.amap.com/place/BX10023360,2026-10-05T17:18:51.888991+00:00,3,True,True,official_map_parent_number,station_entrance_map_parent_numbered,https://ditu.amap.com/place/BX10023360,2026-10-05,False,门禁及临时封路不纳入本轮；导航几何一致性另检,True,official_place_around_text_parent_matching
BV10767722,生米,BX10023363,生米地铁站2号口,150501,115.791449,28.572522,GCJ-02,BV10767722,96.84,True,map_parent_numbered_candidate,excluded_from_scope,False,5e26c8d24d14927844ba_20261005T171851889070Z;9b648ec6376fdcf5990d_20261005T171853612002Z,https://ditu.amap.com/place/BX10023363,2026-10-05T17:18:51.888991+00:00,2,True,True,official_map_parent_number,station_entrance_map_parent_numbered,https://ditu.amap.com/place/BX10023363,2026-10-05,False,门禁及临时封路不纳入本轮；导航几何一致性另检,True,official_place_around_text_parent_matching
BV10274821,艾溪湖西,BX10020254,艾溪湖西地铁站3号口,150501,115.973647,28.675115,GCJ-02,BV10274821,76.93,True,map_parent_numbered_candidate,excluded_from_scope,False,958e3e22798f502aaa1f_20261005T171958428655Z;f2050d9f3b253817d835_20261005T172000107871Z,https://ditu.amap.com/place/BX10020254,2026-10-05T17:19:58.428525+00:00,3,True,True,official_map_parent_number,station_entrance_map_parent_numbered,https://ditu.amap.com/place/BX10020254,2026-10-05,False,门禁及临时封路不纳入本轮；导航几何一致性另检,True,official_place_around_text_parent_matching
BV10274821,艾溪湖西,BX10020253,艾溪湖西地铁站1号口,150501,115.974926,28.674085,GCJ-02,BV10274821,126.8,True,map_parent_numbered_candidate,excluded_from_scope,False,958e3e22798f502aaa1f_20261005T171958428655Z;f2050d9f3b253817d835_20261005T172000107871Z,https://ditu.amap.com/place/BX10020253,2026-10-05T17:19:58.428525+00:00,1,True,True,official_map_parent_number,station_entrance_map_parent_numbered,https://ditu.amap.com/place/BX10020253,2026-10-05,False,门禁及临时封路不纳入本轮；导航几何一致性另检,True,official_place_around_text_parent_matching
BV10274827,卧龙山,BX10023359,卧龙山地铁站1号口,150501,115.822796,28.631015,GCJ-02,BV10274827,72.72,True,map_parent_numbered_candidate,excluded_from_scope,False,e0b52eaf9cb68d22e53f_20261005T172031683918Z;d38d4309ba2916e3c9ca_20261005T172033482401Z,https://ditu.amap.com/place/BX10023359,2026-10-05T17:20:31.683813+00:00,1,True,True,official_map_parent_number,station_entrance_map_parent_numbered,https://ditu.amap.com/place/BX10023359,2026-10-05,False,门禁及临时封路不纳入本轮；导航几何一致性另检,True,official_place_around_text_parent_matching
BV10274827,卧龙山,BX10023357,卧龙山地铁站2号口,150501,115.82327,28.63186,GCJ-02,BV10274827,82.39,True,map_parent_numbered_candidate,excluded_from_scope,False,e0b52eaf9cb68d22e53f_20261005T172031683918Z;d38d4309ba2916e3c9ca_20261005T172033482401Z,https://ditu.amap.com/place/BX10023357,2026-10-05T17:20:31.683813+00:00,2,True,True,official_map_parent_number,station_entrance_map_parent_numbered,https://ditu.amap.com/place/BX10023357,2026-10-05,False,门禁及临时封路不纳入本轮；导航几何一致性另检,True,official_place_around_text_parent_matching
BV10274827,卧龙山,BX10023358,卧龙山地铁站3号口,150501,115.822619,28.63237,GCJ-02,BV10274827,86.08,True,map_parent_numbered_candidate,excluded_from_scope,False,e0b52eaf9cb68d22e53f_20261005T172031683918Z;d38d4309ba2916e3c9ca_20261005T172033482401Z,https://ditu.amap.com/place/BX10023358,2026-10-05T17:20:31.683813+00:00,3,True,True,official_map_parent_number,station_entrance_map_parent_numbered,https://ditu.amap.com/place/BX10023358,2026-10-05,False,门禁及临时封路不纳入本轮；导航几何一致性另检,True,official_place_around_text_parent_matching
BV10274827,卧龙山,BX10023356,卧龙山地铁站4号口,150501,115.821639,28.631291,GCJ-02,BV10274827,88.97,True,map_parent_numbered_candidate,excluded_from_scope,False,e0b52eaf9cb68d22e53f_20261005T172031683918Z;d38d4309ba2916e3c9ca_20261005T172033482401Z,https://ditu.amap.com/place/BX10023356,2026-10-05T17:20:31.683813+00:00,4,True,True,official_map_parent_number,station_entrance_map_parent_numbered,https://ditu.amap.com/place/BX10023356,2026-10-05,False,门禁及临时封路不纳入本轮；导航几何一致性另检,True,official_place_around_text_parent_matching
BV09164582,南齿,BX09914963,南齿地铁站2号口,150501,115.851069,28.766451,GCJ-02,BV09164582,73.72,True,map_parent_numbered_candidate,excluded_from_scope,False,58ecc305d6aa59b1c0a9_20261005T172119969982Z;5adc83f70c0510633910_20261005T172121608382Z,https://ditu.amap.com/place/BX09914963,2026-10-05T17:21:19.969892+00:00,2,True,True,official_map_parent_number,station_entrance_map_parent_numbered,https://ditu.amap.com/place/BX09914963,2026-10-05,False,门禁及临时封路不纳入本轮；导航几何一致性另检,True,official_place_around_text_parent_matching
BV09164582,南齿,BX09914961,南齿地铁站3-1口,150501,115.850755,28.766383,GCJ-02,BV09164582,75.82,True,map_parent_numbered_candidate,excluded_from_scope,False,58ecc305d6aa59b1c0a9_20261005T172119969982Z;5adc83f70c0510633910_20261005T172121608382Z,https://ditu.amap.com/place/BX09914961,2026-10-05T17:21:19.969892+00:00,1,True,True,official_map_parent_number,station_entrance_map_parent_numbered,https://ditu.amap.com/place/BX09914961,2026-10-05,False,门禁及临时封路不纳入本轮；导航几何一致性另检,True,official_place_around_text_parent_matching
BV09164582,南齿,BX09914962,南齿地铁站4号口,150501,115.851316,28.764899,GCJ-02,BV09164582,100.64,True,map_parent_numbered_candidate,excluded_from_scope,False,58ecc305d6aa59b1c0a9_20261005T172119969982Z;5adc83f70c0510633910_20261005T172121608382Z,https://ditu.amap.com/place/BX09914962,2026-10-05T17:21:19.969892+00:00,4,True,True,official_map_parent_number,station_entrance_map_parent_numbered,https://ditu.amap.com/place/BX09914962,2026-10-05,False,门禁及临时封路不纳入本轮；导航几何一致性另检,True,official_place_around_text_parent_matching
BV09164582,南齿,BX09914965,南齿地铁站1号口,150501,115.852035,28.765147,GCJ-02,BV09164582,112.79,True,map_parent_numbered_candidate,excluded_from_scope,False,58ecc305d6aa59b1c0a9_20261005T172119969982Z;5adc83f70c0510633910_20261005T172121608382Z,https://ditu.amap.com/place/BX09914965,2026-10-05T17:21:19.969892+00:00,1,True,True,official_map_parent_number,station_entrance_map_parent_numbered,https://ditu.amap.com/place/BX09914965,2026-10-05,False,门禁及临时封路不纳入本轮；导航几何一致性另检,True,official_place_around_text_parent_matching
BV09164582,南齿,BX09914964,南齿地铁站3-2口,150501,115.849641,28.766014,GCJ-02,BV09164582,148.3,True,map_parent_numbered_candidate,excluded_from_scope,False,58ecc305d6aa59b1c0a9_20261005T172119969982Z;5adc83f70c0510633910_20261005T172121608382Z,https://ditu.amap.com/place/BX09914964,2026-10-05T17:21:19.969892+00:00,2,True,True,official_map_parent_number,station_entrance_map_parent_numbered,https://ditu.amap.com/place/BX09914964,2026-10-05,False,门禁及临时封路不纳入本轮；导航几何一致性另检,True,official_place_around_text_parent_matching
BV10805464,民园路西,BX10035273,民园路西地铁站3号口,150501,115.946675,28.718436,GCJ-02,BV10805464,85.29,True,map_parent_numbered_candidate,excluded_from_scope,False,12a74eb084071db5f847_20261005T172233631482Z;8406c5d752b0d575f38a_20261005T172235305351Z,https://ditu.amap.com/place/BX10035273,2026-10-05T17:22:33.631309+00:00,3,True,True,official_map_parent_number,station_entrance_map_parent_numbered,https://ditu.amap.com/place/BX10035273,2026-10-05,False,门禁及临时封路不纳入本轮；导航几何一致性另检,True,official_place_around_text_parent_matching
BV10805464,民园路西,BX10035274,民园路西地铁站1号口,150501,115.948325,28.717975,GCJ-02,BV10805464,93.25,True,map_parent_numbered_candidate,excluded_from_scope,False,12a74eb084071db5f847_20261005T172233631482Z;8406c5d752b0d575f38a_20261005T172235305351Z,https://ditu.amap.com/place/BX10035274,2026-10-05T17:22:33.631309+00:00,1,True,True,official_map_parent_number,station_entrance_map_parent_numbered,https://ditu.amap.com/place/BX10035274,2026-10-05,False,门禁及临时封路不纳入本轮；导航几何一致性另检,True,official_place_around_text_parent_matching
BV10805464,民园路西,BX10035272,民园路西地铁站4号口,150501,115.946575,28.717777,GCJ-02,BV10805464,121.96,True,map_parent_numbered_candidate,excluded_from_scope,False,12a74eb084071db5f847_20261005T172233631482Z;8406c5d752b0d575f38a_20261005T172235305351Z,https://ditu.amap.com/place/BX10035272,2026-10-05T17:22:33.631309+00:00,4,True,True,official_map_parent_number,station_entrance_map_parent_numbered,https://ditu.amap.com/place/BX10035272,2026-10-05,False,门禁及临时封路不纳入本轮；导航几何一致性另检,True,official_place_around_text_parent_matching
